Abbreviation,Variable,Year,Value
AUS,Overnight visitors (tourists),2011,71894700
AUS,Overnight visitors (tourists),2012,74472200
AUS,Overnight visitors (tourists),2013,75796400
AUS,Overnight visitors (tourists),2014,84480800
AUS,Overnight visitors (tourists),2015,87523200
AUS,Overnight visitors (tourists),2016,90741700
AUS,Overnight visitors (tourists),2017,98483900
AUS,Overnight visitors (tourists),2018,104821900
AUS,Overnight visitors (tourists),2019,117447700
AUS,Overnight visitors (tourists),2020,72513800
AUS,Overnight visitors (tourists),2021,82074100
AUS,Same-day visitors (excursionists),2011,161231600
AUS,Same-day visitors (excursionists),2012,173905200
AUS,Same-day visitors (excursionists),2013,164322000
AUS,Same-day visitors (excursionists),2014,175881200
AUS,Same-day visitors (excursionists),2015,181958300
AUS,Same-day visitors (excursionists),2016,189582600
AUS,Same-day visitors (excursionists),2017,193312800
AUS,Same-day visitors (excursionists),2018,205344300
AUS,Same-day visitors (excursionists),2019,248349200
AUS,Same-day visitors (excursionists),2020,164191900
AUS,Same-day visitors (excursionists),2021,160468900
AUT,Overnight visitors (tourists),2011,11617127
AUT,Overnight visitors (tourists),2012,12013271
AUT,Overnight visitors (tourists),2013,12034087
AUT,Overnight visitors (tourists),2014,12265141
AUT,Overnight visitors (tourists),2015,12696702
AUT,Overnight visitors (tourists),2016,13342758
AUT,Overnight visitors (tourists),2017,13619102
AUT,Overnight visitors (tourists),2018,14033018
AUT,Overnight visitors (tourists),2019,14311657
AUT,Overnight visitors (tourists),2020,9939279
AUT,Overnight visitors (tourists),2021,9416078
BEL,Overnight visitors (tourists),2011,3882797
BEL,Overnight visitors (tourists),2012,3805589
BEL,Overnight visitors (tourists),2013,3947228
BEL,Overnight visitors (tourists),2014,4175387
BEL,Overnight visitors (tourists),2015,4304415
BEL,Overnight visitors (tourists),2016,4325879
BEL,Overnight visitors (tourists),2017,4491817
BEL,Overnight visitors (tourists),2018,4801151
BEL,Overnight visitors (tourists),2019,4953824
BEL,Overnight visitors (tourists),2020,2538218
BEL,Overnight visitors (tourists),2021,3995658
CAN,Overnight visitors (tourists),2011,105743000
CAN,Overnight visitors (tourists),2012,108393000
CAN,Overnight visitors (tourists),2013,108925000
CAN,Overnight visitors (tourists),2014,108647000
CAN,Overnight visitors (tourists),2015,109805000
CAN,Overnight visitors (tourists),2016,113053000
CAN,Overnight visitors (tourists),2017,117368000
CAN,Overnight visitors (tourists),2018,95445000
CAN,Overnight visitors (tourists),2019,93665000
CAN,Overnight visitors (tourists),2020,68247000
CAN,Overnight visitors (tourists),2021,69318000
CAN,Same-day visitors (excursionists),2017,211086000
CAN,Same-day visitors (excursionists),2018,182615000
CAN,Same-day visitors (excursionists),2019,181753000
CAN,Same-day visitors (excursionists),2020,129784000
CAN,Same-day visitors (excursionists),2021,132949000
CZE,Overnight visitors (tourists),2011,6180589
CZE,Overnight visitors (tourists),2012,7451773
CZE,Overnight visitors (tourists),2013,7555806
CZE,Overnight visitors (tourists),2014,7491191
CZE,Overnight visitors (tourists),2015,8488637
CZE,Overnight visitors (tourists),2016,9067413
CZE,Overnight visitors (tourists),2017,9840093
CZE,Overnight visitors (tourists),2018,10635756
CZE,Overnight visitors (tourists),2019,11107866
CZE,Overnight visitors (tourists),2020,8052274
CZE,Overnight visitors (tourists),2021,8813943
CZE,Overnight visitors (tourists),2011,29852894.69
CZE,Overnight visitors (tourists),2012,29219674.64
CZE,Overnight visitors (tourists),2013,29215115.49
CZE,Overnight visitors (tourists),2014,29412333.83
CZE,Overnight visitors (tourists),2015,28324773.97
CZE,Overnight visitors (tourists),2016,30691278.34
CZE,Overnight visitors (tourists),2017,32561799.57
CZE,Overnight visitors (tourists),2018,31930562.4
CZE,Overnight visitors (tourists),2019,32287425.48
CZE,Overnight visitors (tourists),2020,27613436.79
CZE,Same-day visitors (excursionists),2011,56383433.09
CZE,Same-day visitors (excursionists),2012,47108771.75
CZE,Same-day visitors (excursionists),2013,46138097.02
CZE,Same-day visitors (excursionists),2014,46646168.28
CZE,Same-day visitors (excursionists),2015,49491997.49
CZE,Same-day visitors (excursionists),2016,54683542.27
CZE,Same-day visitors (excursionists),2017,57602696.61
CZE,Same-day visitors (excursionists),2018,53900707.44
CZE,Same-day visitors (excursionists),2019,53579786.35
CZE,Same-day visitors (excursionists),2020,35208597.99
DNK,Overnight visitors (tourists),2011,9860294
DNK,Overnight visitors (tourists),2012,9863296
DNK,Overnight visitors (tourists),2013,9907430
DNK,Overnight visitors (tourists),2014,14620276
DNK,Overnight visitors (tourists),2015,14953574
DNK,Overnight visitors (tourists),2016,15207991.62
DNK,Overnight visitors (tourists),2017,16333110.62
DNK,Overnight visitors (tourists),2018,16618961.03
DNK,Overnight visitors (tourists),2019,17794182.66
DNK,Overnight visitors (tourists),2020,19341386.3
DNK,Overnight visitors (tourists),2021,23414246.3
DNK,Same-day visitors (excursionists),2011,35778720
DNK,Same-day visitors (excursionists),2012,35778720
DNK,Same-day visitors (excursionists),2013,35778720
DNK,Same-day visitors (excursionists),2014,43079775.35
DNK,Same-day visitors (excursionists),2015,42010302.67
DNK,Same-day visitors (excursionists),2016,49157490
DNK,Same-day visitors (excursionists),2017,48555067.09
DNK,Same-day visitors (excursionists),2018,46540841.49
DNK,Same-day visitors (excursionists),2019,50106946
DNK,Same-day visitors (excursionists),2020,44873527.81
DNK,Same-day visitors (excursionists),2021,42228863.21
FIN,Overnight visitors (tourists),2011,8103982
FIN,Overnight visitors (tourists),2012,8109244
FIN,Overnight visitors (tourists),2013,8043589
FIN,Overnight visitors (tourists),2014,7928746
FIN,Overnight visitors (tourists),2015,8112802
FIN,Overnight visitors (tourists),2016,8319180
FIN,Overnight visitors (tourists),2017,8614140
FIN,Overnight visitors (tourists),2018,8742953
FIN,Overnight visitors (tourists),2019,9136439
FIN,Overnight visitors (tourists),2020,6446605
FIN,Overnight visitors (tourists),2021,8167713
FIN,Overnight visitors (tourists),2011,35561000
FIN,Overnight visitors (tourists),2012,30915000
FIN,Overnight visitors (tourists),2013,30479000
FIN,Overnight visitors (tourists),2014,28850000
FIN,Overnight visitors (tourists),2015,29160000
FIN,Overnight visitors (tourists),2016,29790000
FIN,Overnight visitors (tourists),2017,30160000
FIN,Overnight visitors (tourists),2018,29130000
FIN,Overnight visitors (tourists),2019,29320000
FIN,Overnight visitors (tourists),2020,23340000
FIN,Overnight visitors (tourists),2021,29380000
FIN,Same-day visitors (excursionists),2018,16160000
FIN,Same-day visitors (excursionists),2021,31920000
FRA,Overnight visitors (tourists),2011,198784000
FRA,Overnight visitors (tourists),2012,198465882
FRA,Overnight visitors (tourists),2013,197241628
FRA,Overnight visitors (tourists),2014,196232021
FRA,Overnight visitors (tourists),2015,191643914
FRA,Overnight visitors (tourists),2016,187942430
FRA,Overnight visitors (tourists),2017,191636263.3
FRA,Overnight visitors (tourists),2018,189755192.7
FRA,Overnight visitors (tourists),2019,207624151
FRA,Overnight visitors (tourists),2020,152119298
FRA,Overnight visitors (tourists),2021,187321001
FRA,Same-day visitors (excursionists),2011,77968000
FRA,Same-day visitors (excursionists),2012,70207000
FRA,Same-day visitors (excursionists),2013,67940000
FRA,Same-day visitors (excursionists),2014,67627300
FRA,Same-day visitors (excursionists),2015,68393723
FRA,Same-day visitors (excursionists),2016,67555157
FRA,Same-day visitors (excursionists),2017,84900826.94
FRA,Same-day visitors (excursionists),2018,78397005.49
FRA,Same-day visitors (excursionists),2019,91690902
FRA,Same-day visitors (excursionists),2020,60427842
FRA,Same-day visitors (excursionists),2021,64919075
DEU,Overnight visitors (tourists),2011,113476253
DEU,Overnight visitors (tourists),2012,116701525
DEU,Overnight visitors (tourists),2013,117987824
DEU,Overnight visitors (tourists),2014,122068364
DEU,Overnight visitors (tourists),2015,126062735
DEU,Overnight visitors (tourists),2016,130218849
DEU,Overnight visitors (tourists),2017,135004792
DEU,Overnight visitors (tourists),2018,140494471
DEU,Overnight visitors (tourists),2019,151381156
DEU,Overnight visitors (tourists),2020,85696063
DEU,Overnight visitors (tourists),2021,85145974
DEU,Overnight visitors (tourists),2012,164795239
DEU,Overnight visitors (tourists),2013,161123466
DEU,Overnight visitors (tourists),2014,153901939
DEU,Overnight visitors (tourists),2015,164138592
DEU,Overnight visitors (tourists),2016,164682477
DEU,Overnight visitors (tourists),2017,151175053
DEU,Overnight visitors (tourists),2018,159337584
DEU,Overnight visitors (tourists),2019,160984920
DEU,Overnight visitors (tourists),2020,109295843
DEU,Same-day visitors (excursionists),2018,567390772
GRC,Overnight visitors (tourists),2012,6981504.44
GRC,Overnight visitors (tourists),2013,7365859
GRC,Overnight visitors (tourists),2014,7414809
GRC,Overnight visitors (tourists),2015,7665265
GRC,Overnight visitors (tourists),2016,8080042
GRC,Overnight visitors (tourists),2017,8142571
GRC,Overnight visitors (tourists),2018,9264746
GRC,Overnight visitors (tourists),2019,9163557
GRC,Overnight visitors (tourists),2020,4617211
GRC,Overnight visitors (tourists),2021,5652556
GRC,Overnight visitors (tourists),2012,6506654
GRC,Overnight visitors (tourists),2013,4913730
GRC,Overnight visitors (tourists),2014,5621981
GRC,Overnight visitors (tourists),2015,5111088
GRC,Overnight visitors (tourists),2016,4872798
GRC,Overnight visitors (tourists),2017,5492230
GRC,Overnight visitors (tourists),2018,5690627
GRC,Overnight visitors (tourists),2019,5180097
GRC,Overnight visitors (tourists),2020,4447734
GRC,Overnight visitors (tourists),2021,4830693
HUN,Overnight visitors (tourists),2012,4644511
HUN,Overnight visitors (tourists),2013,4944848
HUN,Overnight visitors (tourists),2014,5515165
HUN,Overnight visitors (tourists),2015,5984739
HUN,Overnight visitors (tourists),2016,6346301
HUN,Overnight visitors (tourists),2017,6809296
HUN,Overnight visitors (tourists),2018,7170933
HUN,Overnight visitors (tourists),2019,7285711
HUN,Overnight visitors (tourists),2020,4264303
HUN,Overnight visitors (tourists),2021,4697535
HUN,Overnight visitors (tourists),2011,18798209
HUN,Overnight visitors (tourists),2012,17117953
HUN,Overnight visitors (tourists),2013,14376867
HUN,Overnight visitors (tourists),2014,14853710
HUN,Overnight visitors (tourists),2015,15253453
HUN,Overnight visitors (tourists),2016,14424693
HUN,Overnight visitors (tourists),2017,14373820
HUN,Overnight visitors (tourists),2018,14385927
HUN,Overnight visitors (tourists),2019,14248837
HUN,Overnight visitors (tourists),2020,8919064
HUN,Overnight visitors (tourists),2021,10182718
ISL,Overnight visitors (tourists),2011,508362
ISL,Overnight visitors (tourists),2012,524660
ISL,Overnight visitors (tourists),2013,637822
ISL,Overnight visitors (tourists),2014,699733
ISL,Overnight visitors (tourists),2015,587330
ISL,Overnight visitors (tourists),2016,646790
ISL,Overnight visitors (tourists),2017,685616
ISL,Overnight visitors (tourists),2018,700617
ISL,Overnight visitors (tourists),2019,698716
ISL,Overnight visitors (tourists),2020,890385
ISL,Overnight visitors (tourists),2021,1190713
IRL,Overnight visitors (tourists),2011,7169000
IRL,Overnight visitors (tourists),2012,8291000
IRL,Overnight visitors (tourists),2013,8413000
IRL,Overnight visitors (tourists),2014,8991000
IRL,Overnight visitors (tourists),2015,9125000
IRL,Overnight visitors (tourists),2016,9359000
IRL,Overnight visitors (tourists),2017,9626000
IRL,Overnight visitors (tourists),2018,10919000
IRL,Overnight visitors (tourists),2019,11621000
IRL,Overnight visitors (tourists),2020,7721000
IRL,Overnight visitors (tourists),2021,5663000
ITA,Overnight visitors (tourists),2011,56263060
ITA,Overnight visitors (tourists),2012,54994582
ITA,Overnight visitors (tourists),2013,53599294
ITA,Overnight visitors (tourists),2014,54916852
ITA,Overnight visitors (tourists),2015,58352886
ITA,Overnight visitors (tourists),2016,60180004
ITA,Overnight visitors (tourists),2017,62672366
ITA,Overnight visitors (tourists),2018,64905729
ITA,Overnight visitors (tourists),2019,66371433
ITA,Overnight visitors (tourists),2020,39190227
ITA,Overnight visitors (tourists),2021,51767750
ITA,Overnight visitors (tourists),2011,67058511
ITA,Overnight visitors (tourists),2012,61594008
ITA,Overnight visitors (tourists),2013,49809249
ITA,Overnight visitors (tourists),2014,50155449
ITA,Overnight visitors (tourists),2015,47092742
ITA,Overnight visitors (tourists),2016,54714492
ITA,Overnight visitors (tourists),2017,53647141
ITA,Overnight visitors (tourists),2018,62860945
ITA,Overnight visitors (tourists),2019,54253152
ITA,Overnight visitors (tourists),2020,34129556
ITA,Overnight visitors (tourists),2021,37183244
ITA,Same-day visitors (excursionists),2014,76359154
ITA,Same-day visitors (excursionists),2015,65766871
ITA,Same-day visitors (excursionists),2016,73143256
ITA,Same-day visitors (excursionists),2017,68203494
ITA,Same-day visitors (excursionists),2018,82445995
ITA,Same-day visitors (excursionists),2019,78604408
ITA,Same-day visitors (excursionists),2020,40524299
ITA,Same-day visitors (excursionists),2021,35816871
JPN,Overnight visitors (tourists),2011,313561000
JPN,Overnight visitors (tourists),2012,315549000
JPN,Overnight visitors (tourists),2013,320416000
JPN,Overnight visitors (tourists),2014,297343000
JPN,Overnight visitors (tourists),2015,312985000
JPN,Overnight visitors (tourists),2016,325658000
JPN,Overnight visitors (tourists),2017,323328000
JPN,Overnight visitors (tourists),2018,291052000
JPN,Overnight visitors (tourists),2019,311624000
JPN,Overnight visitors (tourists),2020,160703000
JPN,Overnight visitors (tourists),2021,141768000
JPN,Same-day visitors (excursionists),2011,298964000
JPN,Same-day visitors (excursionists),2012,297201000
JPN,Same-day visitors (excursionists),2013,310534000
JPN,Same-day visitors (excursionists),2014,297878000
JPN,Same-day visitors (excursionists),2015,291730000
JPN,Same-day visitors (excursionists),2016,315421000
JPN,Same-day visitors (excursionists),2017,324182000
JPN,Same-day visitors (excursionists),2018,270727000
JPN,Same-day visitors (excursionists),2019,275478000
JPN,Same-day visitors (excursionists),2020,132705000
JPN,Same-day visitors (excursionists),2021,126440000
KOR,Overnight visitors (tourists),2011,71622386
KOR,Overnight visitors (tourists),2012,92288533
KOR,Overnight visitors (tourists),2013,99666530
KOR,Overnight visitors (tourists),2014,98521341
KOR,Overnight visitors (tourists),2015,99775795
KOR,Overnight visitors (tourists),2016,101067931
KOR,Overnight visitors (tourists),2017,112784481
KOR,Overnight visitors (tourists),2018,163204000
KOR,Overnight visitors (tourists),2019,162376000
KOR,Overnight visitors (tourists),2020,88450000
KOR,Same-day visitors (excursionists),2011,84971961
KOR,Same-day visitors (excursionists),2012,121179761
KOR,Same-day visitors (excursionists),2013,131368005
KOR,Same-day visitors (excursionists),2014,128578532
KOR,Same-day visitors (excursionists),2015,138521516
KOR,Same-day visitors (excursionists),2016,140682024
KOR,Same-day visitors (excursionists),2017,172181521
KOR,Same-day visitors (excursionists),2018,147949000
KOR,Same-day visitors (excursionists),2019,182374000
KOR,Same-day visitors (excursionists),2020,136749000
LUX,Overnight visitors (tourists),2011,61176
LUX,Overnight visitors (tourists),2012,71261
LUX,Overnight visitors (tourists),2013,100075
LUX,Overnight visitors (tourists),2014,104541
LUX,Overnight visitors (tourists),2015,106713
LUX,Overnight visitors (tourists),2016,108131
LUX,Overnight visitors (tourists),2017,110067
LUX,Overnight visitors (tourists),2018,121304
LUX,Overnight visitors (tourists),2019,124139
LUX,Overnight visitors (tourists),2020,130464
LUX,Overnight visitors (tourists),2021,97085
MEX,Overnight visitors (tourists),2011,71290880.64
MEX,Overnight visitors (tourists),2012,74667794.32
MEX,Overnight visitors (tourists),2013,78526992.33
MEX,Overnight visitors (tourists),2014,80745909.79
MEX,Overnight visitors (tourists),2015,85938509.49
MEX,Overnight visitors (tourists),2016,89874177.43
MEX,Overnight visitors (tourists),2017,95600435.97
MEX,Overnight visitors (tourists),2018,100444598.3
MEX,Overnight visitors (tourists),2019,101749155
MEX,Overnight visitors (tourists),2020,48042199.14
NLD,Overnight visitors (tourists),2012,21147000
NLD,Overnight visitors (tourists),2013,21267000
NLD,Overnight visitors (tourists),2014,21931000
NLD,Overnight visitors (tourists),2015,22311000
NLD,Overnight visitors (tourists),2016,23054000
NLD,Overnight visitors (tourists),2017,24311000
NLD,Overnight visitors (tourists),2018,25132000
NLD,Overnight visitors (tourists),2019,25787000
NLD,Overnight visitors (tourists),2020,20035000
NLD,Overnight visitors (tourists),2021,25472000
NZL,Overnight visitors (tourists),2011,17681000
NZL,Overnight visitors (tourists),2012,16559000
NOR,Overnight visitors (tourists),2017,12929248
NOR,Overnight visitors (tourists),2018,12840875
NOR,Overnight visitors (tourists),2019,13121979
NOR,Overnight visitors (tourists),2020,10034858
NOR,Overnight visitors (tourists),2021,11149706
NOR,Overnight visitors (tourists),2011,14160000
NOR,Overnight visitors (tourists),2012,13280000
NOR,Overnight visitors (tourists),2013,15060000
NOR,Overnight visitors (tourists),2014,15450000
NOR,Overnight visitors (tourists),2015,13700000
NOR,Overnight visitors (tourists),2016,13840000
NOR,Overnight visitors (tourists),2017,15080000
NOR,Overnight visitors (tourists),2018,18970000
NOR,Overnight visitors (tourists),2019,14710000
NOR,Overnight visitors (tourists),2020,16580000
NOR,Overnight visitors (tourists),2021,20450000
POL,Overnight visitors (tourists),2011,17067066
POL,Overnight visitors (tourists),2012,17656000
POL,Overnight visitors (tourists),2013,18158000
POL,Overnight visitors (tourists),2014,19614000
POL,Overnight visitors (tourists),2015,21252000
POL,Overnight visitors (tourists),2016,23730000
POL,Overnight visitors (tourists),2017,25185677
POL,Overnight visitors (tourists),2018,26813699
POL,Overnight visitors (tourists),2019,28197545
POL,Overnight visitors (tourists),2020,15615208
POL,Overnight visitors (tourists),2021,19689140
POL,Overnight visitors (tourists),2014,38387000
POL,Overnight visitors (tourists),2015,39870000
POL,Overnight visitors (tourists),2016,43600000
POL,Overnight visitors (tourists),2017,45952310
POL,Overnight visitors (tourists),2018,47736330
POL,Overnight visitors (tourists),2019,50018235
POL,Overnight visitors (tourists),2020,38570417
POL,Overnight visitors (tourists),2021,46277647
POL,Same-day visitors (excursionists),2018,48236769
POL,Same-day visitors (excursionists),2021,34393280.11
PRT,Overnight visitors (tourists),2013,16370900
PRT,Overnight visitors (tourists),2014,16263100
PRT,Overnight visitors (tourists),2015,17253700
PRT,Overnight visitors (tourists),2016,18241300
PRT,Overnight visitors (tourists),2017,18993300
PRT,Overnight visitors (tourists),2018,19593311
PRT,Overnight visitors (tourists),2019,21362618
PRT,Overnight visitors (tourists),2020,13729792
PRT,Overnight visitors (tourists),2021,16506230
SVK,Overnight visitors (tourists),2011,5912197
SVK,Overnight visitors (tourists),2012,4788961
SVK,Overnight visitors (tourists),2013,5524581
SVK,Overnight visitors (tourists),2014,5770957
SVK,Overnight visitors (tourists),2015,6515659
SVK,Overnight visitors (tourists),2016,7840897
SVK,Overnight visitors (tourists),2017,8283525
SVK,Overnight visitors (tourists),2018,9397200
SVK,Overnight visitors (tourists),2019,10348282
SVK,Same-day visitors (excursionists),2011,6015664
SVK,Same-day visitors (excursionists),2012,5333815
SVK,Same-day visitors (excursionists),2013,21160051
SVK,Same-day visitors (excursionists),2014,22468121
SVK,Same-day visitors (excursionists),2015,27055829
SVK,Same-day visitors (excursionists),2016,28582787
SVK,Same-day visitors (excursionists),2017,25258455
SVK,Same-day visitors (excursionists),2018,27863041
SVK,Same-day visitors (excursionists),2019,35086897
ESP,Overnight visitors (tourists),2011,55430808
ESP,Overnight visitors (tourists),2012,52308531
ESP,Overnight visitors (tourists),2013,51874205
ESP,Overnight visitors (tourists),2014,55185879
ESP,Overnight visitors (tourists),2015,59021796
ESP,Overnight visitors (tourists),2016,62201440
ESP,Overnight visitors (tourists),2017,64169248
ESP,Overnight visitors (tourists),2018,65032678
ESP,Overnight visitors (tourists),2019,67280172
ESP,Overnight visitors (tourists),2020,32225394
ESP,Overnight visitors (tourists),2021,54801892.14
ESP,Overnight visitors (tourists),2011,147407636
ESP,Overnight visitors (tourists),2012,148369375.9
ESP,Overnight visitors (tourists),2013,144527251.7
ESP,Overnight visitors (tourists),2014,139614604.9
ESP,Overnight visitors (tourists),2015,123922961
ESP,Overnight visitors (tourists),2016,132200905
ESP,Overnight visitors (tourists),2017,138356812
ESP,Overnight visitors (tourists),2018,139931200
ESP,Overnight visitors (tourists),2019,137191009
ESP,Overnight visitors (tourists),2020,74749663
ESP,Overnight visitors (tourists),2021,107727044
ESP,Same-day visitors (excursionists),2011,200287486.4
ESP,Same-day visitors (excursionists),2012,224441827.8
ESP,Same-day visitors (excursionists),2013,253895701.8
ESP,Same-day visitors (excursionists),2014,323146211
ESP,Same-day visitors (excursionists),2015,221676141
ESP,Same-day visitors (excursionists),2016,238195864
ESP,Same-day visitors (excursionists),2017,280332355
ESP,Same-day visitors (excursionists),2018,285520942
ESP,Same-day visitors (excursionists),2019,257619303
ESP,Same-day visitors (excursionists),2020,160339793
ESP,Same-day visitors (excursionists),2021,212971414.8
SWE,Overnight visitors (tourists),2017,37316000
SWE,Overnight visitors (tourists),2018,35686000
SWE,Overnight visitors (tourists),2019,36891000
SWE,Overnight visitors (tourists),2020,49831000
SWE,Overnight visitors (tourists),2021,51185000
SWE,Same-day visitors (excursionists),2017,16900000
SWE,Same-day visitors (excursionists),2018,20194000
SWE,Same-day visitors (excursionists),2019,19280000
SWE,Same-day visitors (excursionists),2020,78961000
SWE,Same-day visitors (excursionists),2021,71484000
CHE,Overnight visitors (tourists),2011,5779139
CHE,Overnight visitors (tourists),2012,7416629
CHE,Overnight visitors (tourists),2013,8648181
CHE,Overnight visitors (tourists),2014,7732299
CHE,Overnight visitors (tourists),2015,7830138
CHE,Overnight visitors (tourists),2016,7465323.69
CHE,Overnight visitors (tourists),2017,8231093.02
CHE,Overnight visitors (tourists),2018,8201038.83
CHE,Overnight visitors (tourists),2019,7765446.57
CHE,Overnight visitors (tourists),2020,8319215.71
CHE,Same-day visitors (excursionists),2011,55340305.09
CHE,Same-day visitors (excursionists),2012,62723368.06
CHE,Same-day visitors (excursionists),2013,67986668.64
CHE,Same-day visitors (excursionists),2014,68268078.3
CHE,Same-day visitors (excursionists),2015,70219579.45
CHE,Same-day visitors (excursionists),2016,68908754.2
CHE,Same-day visitors (excursionists),2017,68078358.82
CHE,Same-day visitors (excursionists),2018,71819301.79
CHE,Same-day visitors (excursionists),2019,70551392.49
CHE,Same-day visitors (excursionists),2020,54631600.31
TUR,Overnight visitors (tourists),2011,29915000
TUR,Overnight visitors (tourists),2012,31952000
TUR,Overnight visitors (tourists),2013,32689000
TUR,Overnight visitors (tourists),2014,35708000
TUR,Overnight visitors (tourists),2015,40314000
TUR,Overnight visitors (tourists),2016,41336000
TUR,Overnight visitors (tourists),2017,39024000
TUR,Overnight visitors (tourists),2018,40822111
TUR,Overnight visitors (tourists),2019,42012998
TUR,Overnight visitors (tourists),2020,29084857
TUR,Overnight visitors (tourists),2021,42216013
TUR,Overnight visitors (tourists),2011,65854000
TUR,Overnight visitors (tourists),2012,64922000
TUR,Overnight visitors (tourists),2013,68452000
TUR,Overnight visitors (tourists),2014,70894000
TUR,Overnight visitors (tourists),2015,71251000
TUR,Overnight visitors (tourists),2016,68450000
TUR,Overnight visitors (tourists),2017,77179000
TUR,Overnight visitors (tourists),2018,78523000
TUR,Overnight visitors (tourists),2019,78202000
TUR,Overnight visitors (tourists),2020,42847000
TUR,Overnight visitors (tourists),2021,52774000
TUR,Same-day visitors (excursionists),2011,38317000
TUR,Same-day visitors (excursionists),2012,41304000
TUR,Same-day visitors (excursionists),2013,43709000
TUR,Same-day visitors (excursionists),2014,44194000
TUR,Same-day visitors (excursionists),2015,44130000
TUR,Same-day visitors (excursionists),2016,38051000
TUR,Same-day visitors (excursionists),2017,43693000
TUR,Same-day visitors (excursionists),2018,47923000
TUR,Same-day visitors (excursionists),2019,46437000
TUR,Same-day visitors (excursionists),2020,24295000
TUR,Same-day visitors (excursionists),2021,23109000
GBR,Overnight visitors (tourists),2011,126635000
GBR,Overnight visitors (tourists),2012,126019000
GBR,Overnight visitors (tourists),2013,122910000
GBR,Overnight visitors (tourists),2014,114240000
GBR,Overnight visitors (tourists),2015,125162000
GBR,Overnight visitors (tourists),2016,119455000
GBR,Overnight visitors (tourists),2017,120680000
GBR,Overnight visitors (tourists),2018,118600000
GBR,Overnight visitors (tourists),2019,122780000
GBR,Same-day visitors (excursionists),2011,1542000000
GBR,Same-day visitors (excursionists),2012,1710000000
GBR,Same-day visitors (excursionists),2013,1588000000
GBR,Same-day visitors (excursionists),2014,1585000000
GBR,Same-day visitors (excursionists),2015,1754000000
GBR,Same-day visitors (excursionists),2016,1834200000
GBR,Same-day visitors (excursionists),2017,1793400000
GBR,Same-day visitors (excursionists),2018,1703000000
GBR,Same-day visitors (excursionists),2019,1653000000
USA,Overnight visitors (tourists),2011,1378275000
USA,Overnight visitors (tourists),2012,1400907000
USA,Overnight visitors (tourists),2013,1421124000
USA,Overnight visitors (tourists),2014,1455417000
USA,Overnight visitors (tourists),2015,1525090000
USA,Overnight visitors (tourists),2016,1565652240
USA,Overnight visitors (tourists),2017,1591915864
USA,Overnight visitors (tourists),2018,1613986928
USA,Overnight visitors (tourists),2019,1646613553
USA,Overnight visitors (tourists),2020,1122368168
USA,Overnight visitors (tourists),2021,1449133584
USA,Same-day visitors (excursionists),2011,619225000
USA,Same-day visitors (excursionists),2012,629393000
USA,Same-day visitors (excursionists),2013,638476000
USA,Same-day visitors (excursionists),2014,653883000
USA,Same-day visitors (excursionists),2015,653610000
USA,Same-day visitors (excursionists),2016,639491760
USA,Same-day visitors (excursionists),2017,649084136.4
USA,Same-day visitors (excursionists),2018,664013071.5
USA,Same-day visitors (excursionists),2019,671386447.2
USA,Same-day visitors (excursionists),2020,457631832
USA,Same-day visitors (excursionists),2021,590866416
ARG,Overnight visitors (tourists),2011,15248266
ARG,Overnight visitors (tourists),2012,15383644
BGR,Overnight visitors (tourists),2011,2623000
BGR,Overnight visitors (tourists),2012,2862000
BGR,Overnight visitors (tourists),2013,3026616
BGR,Overnight visitors (tourists),2014,3154330
BGR,Overnight visitors (tourists),2015,3414665
BGR,Overnight visitors (tourists),2016,3809465
BGR,Overnight visitors (tourists),2017,3805816
BGR,Overnight visitors (tourists),2018,3889521
BGR,Overnight visitors (tourists),2019,4120284
BGR,Overnight visitors (tourists),2020,2847984
BGR,Overnight visitors (tourists),2021,3754603
CHL,Overnight visitors (tourists),2015,21813000
CHL,Overnight visitors (tourists),2016,45409099.51
CHL,Overnight visitors (tourists),2017,46016375.86
CHL,Overnight visitors (tourists),2018,52973666.01
CHL,Overnight visitors (tourists),2019,53748581.13
CHL,Overnight visitors (tourists),2020,39322783.87
CHL,Overnight visitors (tourists),2021,49062196.18
CHL,Same-day visitors (excursionists),2016,17570984.09
CHL,Same-day visitors (excursionists),2017,17756410.41
CHL,Same-day visitors (excursionists),2018,20370042.22
CHL,Same-day visitors (excursionists),2019,20710737.32
CHL,Same-day visitors (excursionists),2020,15102452.35
CHL,Same-day visitors (excursionists),2021,19315126.64
HRV,Overnight visitors (tourists),2011,6010000
HRV,Overnight visitors (tourists),2012,6056000
HRV,Overnight visitors (tourists),2013,6225000
HRV,Overnight visitors (tourists),2014,5411000
HRV,Overnight visitors (tourists),2015,4040000
HRV,Overnight visitors (tourists),2016,2926000
HRV,Overnight visitors (tourists),2017,3638000
HRV,Overnight visitors (tourists),2018,3197000
HRV,Overnight visitors (tourists),2019,3708000
HRV,Overnight visitors (tourists),2020,2510250
HRV,Overnight visitors (tourists),2021,3278070
HRV,Same-day visitors (excursionists),2011,8842000
HRV,Same-day visitors (excursionists),2012,9032000
HRV,Same-day visitors (excursionists),2013,9618000
HRV,Same-day visitors (excursionists),2014,11104000
HRV,Same-day visitors (excursionists),2015,8155000
HRV,Same-day visitors (excursionists),2016,5877000
HRV,Same-day visitors (excursionists),2017,2976000
HRV,Same-day visitors (excursionists),2018,4969000
HRV,Same-day visitors (excursionists),2019,6737000
HRV,Same-day visitors (excursionists),2020,3672659
HRV,Same-day visitors (excursionists),2021,3696140
EGY,Overnight visitors (tourists),2011,7339847
EGY,Overnight visitors (tourists),2012,7455686
EGY,Overnight visitors (tourists),2013,8712854
EGY,Overnight visitors (tourists),2014,8927950
EGY,Overnight visitors (tourists),2015,9148188
EGY,Same-day visitors (excursionists),2011,9141305
EGY,Same-day visitors (excursionists),2012,9269256
EGY,Same-day visitors (excursionists),2013,10835710
EGY,Same-day visitors (excursionists),2014,11124996
EGY,Same-day visitors (excursionists),2015,11399675
EST,Overnight visitors (tourists),2011,918000
EST,Overnight visitors (tourists),2012,966376
EST,Overnight visitors (tourists),2013,1040735
EST,Overnight visitors (tourists),2014,1103755
EST,Overnight visitors (tourists),2015,1182979
EST,Overnight visitors (tourists),2016,1268388
EST,Overnight visitors (tourists),2017,1388785
EST,Overnight visitors (tourists),2018,1450960
EST,Overnight visitors (tourists),2019,1536526
EST,Overnight visitors (tourists),2020,1296065
EST,Overnight visitors (tourists),2021,1575563
EST,Overnight visitors (tourists),2011,1561200
EST,Overnight visitors (tourists),2012,1761100
EST,Overnight visitors (tourists),2013,1733600
EST,Overnight visitors (tourists),2014,2572300
EST,Overnight visitors (tourists),2015,2704400
EST,Overnight visitors (tourists),2016,3253600
EST,Overnight visitors (tourists),2017,3276700
EST,Overnight visitors (tourists),2018,4399100
EST,Overnight visitors (tourists),2019,3486300
EST,Overnight visitors (tourists),2020,2135600
EST,Overnight visitors (tourists),2021,2266500
EST,Same-day visitors (excursionists),2015,7554500
EST,Same-day visitors (excursionists),2018,8216800
EST,Same-day visitors (excursionists),2021,5199864
IND,Overnight visitors (tourists),2011,864532718
IND,Overnight visitors (tourists),2012,1045047536
IND,Overnight visitors (tourists),2013,1142529465
IND,Overnight visitors (tourists),2014,1282801629
IND,Overnight visitors (tourists),2015,1431973794
IND,Overnight visitors (tourists),2016,1615388619
IND,Overnight visitors (tourists),2017,1657546152
IND,Overnight visitors (tourists),2018,1853787719
IND,Overnight visitors (tourists),2019,2321982663
IND,Overnight visitors (tourists),2020,610216157
IDN,Overnight visitors (tourists),2011,236751599
IDN,Overnight visitors (tourists),2012,245290061.7
IDN,Overnight visitors (tourists),2013,250036369.9
IDN,Overnight visitors (tourists),2014,251237262
IDN,Overnight visitors (tourists),2015,256419006
IDN,Overnight visitors (tourists),2016,264337518
IDN,Overnight visitors (tourists),2017,270822003
IDN,Overnight visitors (tourists),2018,303403888
IDN,Overnight visitors (tourists),2019,354353320
IDN,Overnight visitors (tourists),2020,364698270
IDN,Overnight visitors (tourists),2021,399524096
ISR,Overnight visitors (tourists),2011,6711000
ISR,Overnight visitors (tourists),2012,6997000
ISR,Overnight visitors (tourists),2013,7130000
ISR,Overnight visitors (tourists),2014,7300000
ISR,Overnight visitors (tourists),2015,7946000
ISR,Overnight visitors (tourists),2016,8183000
ISR,Overnight visitors (tourists),2017,8043000
ISR,Overnight visitors (tourists),2018,8071000
ISR,Overnight visitors (tourists),2019,8243000
ISR,Overnight visitors (tourists),2020,3940700
ISR,Overnight visitors (tourists),2021,8575000
KAZ,Overnight visitors (tourists),2011,2209930
KAZ,Overnight visitors (tourists),2012,2448941
KAZ,Overnight visitors (tourists),2013,2572779
KAZ,Overnight visitors (tourists),2014,2978237
KAZ,Overnight visitors (tourists),2015,2685132
KAZ,Overnight visitors (tourists),2016,3245250
KAZ,Overnight visitors (tourists),2017,4194738
KAZ,Overnight visitors (tourists),2018,4414815
KAZ,Same-day visitors (excursionists),2011,51599
KAZ,Same-day visitors (excursionists),2012,58064
KAZ,Same-day visitors (excursionists),2013,148935
KAZ,Same-day visitors (excursionists),2014,147192
KAZ,Same-day visitors (excursionists),2015,424880
KAZ,Same-day visitors (excursionists),2016,250017
KAZ,Same-day visitors (excursionists),2017,192757
KAZ,Same-day visitors (excursionists),2018,281127
LVA,Overnight visitors (tourists),2011,521702
LVA,Overnight visitors (tourists),2012,548484
LVA,Overnight visitors (tourists),2013,589427
LVA,Overnight visitors (tourists),2014,667343
LVA,Overnight visitors (tourists),2015,664628
LVA,Overnight visitors (tourists),2016,730011
LVA,Overnight visitors (tourists),2017,798365
LVA,Overnight visitors (tourists),2018,883411
LVA,Overnight visitors (tourists),2019,907414
LVA,Overnight visitors (tourists),2020,747990
LVA,Overnight visitors (tourists),2021,864400
LVA,Overnight visitors (tourists),2012,3796070
LVA,Overnight visitors (tourists),2013,3156196
LVA,Overnight visitors (tourists),2014,3257763
LVA,Overnight visitors (tourists),2015,2972204
LVA,Overnight visitors (tourists),2016,3071015
LVA,Overnight visitors (tourists),2017,2942355
LVA,Overnight visitors (tourists),2018,2583637
LVA,Overnight visitors (tourists),2019,2500924
LVA,Overnight visitors (tourists),2020,1366949
LVA,Overnight visitors (tourists),2021,2392349
LVA,Same-day visitors (excursionists),2012,8353313
LVA,Same-day visitors (excursionists),2013,8994587
LVA,Same-day visitors (excursionists),2014,8154830
LVA,Same-day visitors (excursionists),2015,7718387
LVA,Same-day visitors (excursionists),2016,9126318
LVA,Same-day visitors (excursionists),2017,9589961
LVA,Same-day visitors (excursionists),2018,8364522
LVA,Same-day visitors (excursionists),2019,7915014
LVA,Same-day visitors (excursionists),2020,4786314
LVA,Same-day visitors (excursionists),2021,5889505
LTU,Overnight visitors (tourists),2011,2479357
LTU,Overnight visitors (tourists),2012,2515457
LTU,Overnight visitors (tourists),2013,2588650
LTU,Overnight visitors (tourists),2014,2649216
LTU,Overnight visitors (tourists),2015,2663154
LTU,Overnight visitors (tourists),2016,2554103
LTU,Overnight visitors (tourists),2017,2528015
LTU,Overnight visitors (tourists),2018,2640800
LTU,Overnight visitors (tourists),2019,2826900
LTU,Overnight visitors (tourists),2020,2437700
LTU,Overnight visitors (tourists),2021,3089700
LTU,Same-day visitors (excursionists),2011,11708524
LTU,Same-day visitors (excursionists),2012,11339223
LTU,Same-day visitors (excursionists),2013,10986395
LTU,Same-day visitors (excursionists),2014,11245119
LTU,Same-day visitors (excursionists),2015,11484416
LTU,Same-day visitors (excursionists),2016,11670016
LTU,Same-day visitors (excursionists),2017,11718998
LTU,Same-day visitors (excursionists),2018,12036800
LTU,Same-day visitors (excursionists),2019,11958000
LTU,Same-day visitors (excursionists),2020,8951400
LTU,Same-day visitors (excursionists),2021,8502900
MLT,Overnight visitors (tourists),2012,204913
MLT,Overnight visitors (tourists),2013,189805
MLT,Overnight visitors (tourists),2014,200383
MLT,Overnight visitors (tourists),2015,203584.211
MLT,Overnight visitors (tourists),2016,236402.971
MLT,Overnight visitors (tourists),2017,260762.766
MLT,Overnight visitors (tourists),2018,245476.698
MLT,Overnight visitors (tourists),2019,237237.482
MLT,Overnight visitors (tourists),2020,360460.094
MAR,Overnight visitors (tourists),2011,2061201
MAR,Overnight visitors (tourists),2012,2265226
MAR,Overnight visitors (tourists),2013,2398621
MAR,Overnight visitors (tourists),2014,2403039
MAR,Overnight visitors (tourists),2015,2644917
MAR,Overnight visitors (tourists),2016,2929485
MAR,Overnight visitors (tourists),2017,3120775
MAR,Overnight visitors (tourists),2018,3247378
MAR,Overnight visitors (tourists),2019,3549573
MAR,Overnight visitors (tourists),2020,1442096
MAR,Overnight visitors (tourists),2021,2764895
ROU,Overnight visitors (tourists),2011,11986000
ROU,Overnight visitors (tourists),2012,15833076
ROU,Overnight visitors (tourists),2013,16357394
ROU,Overnight visitors (tourists),2014,15840344
ROU,Overnight visitors (tourists),2015,16193896
ROU,Overnight visitors (tourists),2016,15014932
ROU,Overnight visitors (tourists),2017,16444213
ROU,Overnight visitors (tourists),2018,16461348
ROU,Overnight visitors (tourists),2019,16863013
ROU,Overnight visitors (tourists),2020,11591298
ROU,Overnight visitors (tourists),2021,16875520
ROU,Same-day visitors (excursionists),2011,29018000
ROU,Same-day visitors (excursionists),2012,37679616
ROU,Same-day visitors (excursionists),2013,36052841
ROU,Same-day visitors (excursionists),2014,34243511
ROU,Same-day visitors (excursionists),2015,36567822
ROU,Same-day visitors (excursionists),2016,31971113
ROU,Same-day visitors (excursionists),2017,34808597
ROU,Same-day visitors (excursionists),2018,35623795
ROU,Same-day visitors (excursionists),2019,36062054
ROU,Same-day visitors (excursionists),2020,26543821
ROU,Same-day visitors (excursionists),2021,34604920
RUS,Overnight visitors (tourists),2011,29310180
RUS,Overnight visitors (tourists),2012,31798384
RUS,Overnight visitors (tourists),2013,32560580
RUS,Overnight visitors (tourists),2014,33798523
RUS,Overnight visitors (tourists),2015,43656898
RUS,Overnight visitors (tourists),2016,48338704
RUS,Overnight visitors (tourists),2017,53534365
RUS,Overnight visitors (tourists),2018,60921280
RUS,Overnight visitors (tourists),2019,65185770
SVN,Overnight visitors (tourists),2011,1299637
SVN,Overnight visitors (tourists),2012,1259036
SVN,Overnight visitors (tourists),2013,1244424
SVN,Overnight visitors (tourists),2014,1226492
SVN,Overnight visitors (tourists),2015,1351860
SVN,Overnight visitors (tourists),2016,1437198
SVN,Overnight visitors (tourists),2017,1512602
SVN,Overnight visitors (tourists),2018,1508128
SVN,Overnight visitors (tourists),2019,1527695
SVN,Overnight visitors (tourists),2020,1848971
SVN,Overnight visitors (tourists),2021,2171236
SVN,Overnight visitors (tourists),2012,2065000
SVN,Overnight visitors (tourists),2013,2025000
SVN,Overnight visitors (tourists),2014,1888000
SVN,Overnight visitors (tourists),2015,1535000
SVN,Overnight visitors (tourists),2016,1720000
SVN,Overnight visitors (tourists),2017,1813000
SVN,Overnight visitors (tourists),2018,2003000
SVN,Overnight visitors (tourists),2019,1742000
SVN,Overnight visitors (tourists),2020,1263000
SVN,Overnight visitors (tourists),2021,3247000
SVN,Same-day visitors (excursionists),2012,8825000
SVN,Same-day visitors (excursionists),2015,8481000
SVN,Same-day visitors (excursionists),2018,8914000
SVN,Same-day visitors (excursionists),2021,10790000
ZAF,Overnight visitors (tourists),2011,26300000
ZAF,Overnight visitors (tourists),2012,25400000
ZAF,Overnight visitors (tourists),2013,25200000
ZAF,Overnight visitors (tourists),2014,28009000
ZAF,Overnight visitors (tourists),2015,24451000
ZAF,Overnight visitors (tourists),2016,24280000
ZAF,Overnight visitors (tourists),2017,17200000
ZAF,Overnight visitors (tourists),2018,17650000
ZAF,Overnight visitors (tourists),2019,28456033
ZAF,Overnight visitors (tourists),2020,17037576.93
ZAF,Overnight visitors (tourists),2021,14836807.35
ZAF,Same-day visitors (excursionists),2011,274500000
ZAF,Same-day visitors (excursionists),2012,324800000
ZAF,Same-day visitors (excursionists),2013,253500000
ZAF,Same-day visitors (excursionists),2014,245875000
ZAF,Same-day visitors (excursionists),2015,224452000
ZAF,Same-day visitors (excursionists),2016,125206000
ZAF,Same-day visitors (excursionists),2017,135000000
ZAF,Same-day visitors (excursionists),2018,116000000
ZAF,Same-day visitors (excursionists),2019,236524152
ZAF,Same-day visitors (excursionists),2020,108039084.1
ZAF,Same-day visitors (excursionists),2021,68760211.09
BEL-BRU,Overnight visitors (tourists),2011,665785
BEL-BRU,Overnight visitors (tourists),2012,634277
BEL-BRU,Overnight visitors (tourists),2013,665447
BEL-BRU,Overnight visitors (tourists),2014,702128
BEL-BRU,Overnight visitors (tourists),2015,676254
BEL-BRU,Overnight visitors (tourists),2016,634245
BEL-BRU,Overnight visitors (tourists),2017,728099
BEL-BRU,Overnight visitors (tourists),2018,789642
BEL-BRU,Overnight visitors (tourists),2019,871501
BEL-BRU,Overnight visitors (tourists),2020,297226
BEL-VLG,Overnight visitors (tourists),2011,2245613
BEL-VLG,Overnight visitors (tourists),2012,2188458
BEL-VLG,Overnight visitors (tourists),2013,2276667
BEL-VLG,Overnight visitors (tourists),2014,2419927
BEL-VLG,Overnight visitors (tourists),2015,2582100
BEL-VLG,Overnight visitors (tourists),2016,2589622
BEL-VLG,Overnight visitors (tourists),2017,2639340
BEL-VLG,Overnight visitors (tourists),2018,2884713
BEL-VLG,Overnight visitors (tourists),2019,2959538
BEL-VLG,Overnight visitors (tourists),2020,1491981
BEL-WAL,Overnight visitors (tourists),2011,971399
BEL-WAL,Overnight visitors (tourists),2012,982854
BEL-WAL,Overnight visitors (tourists),2013,1005114
BEL-WAL,Overnight visitors (tourists),2014,1053332
BEL-WAL,Overnight visitors (tourists),2015,1046061
BEL-WAL,Overnight visitors (tourists),2016,1102012
BEL-WAL,Overnight visitors (tourists),2017,1124378
BEL-WAL,Overnight visitors (tourists),2018,1126796
BEL-WAL,Overnight visitors (tourists),2019,1122785
BEL-WAL,Overnight visitors (tourists),2020,749011
SRB,Overnight visitors (tourists),2011,1304443
SRB,Overnight visitors (tourists),2012,1269676
SRB,Overnight visitors (tourists),2013,1270667
SRB,Overnight visitors (tourists),2014,1163536
SRB,Overnight visitors (tourists),2015,1304944
SRB,Overnight visitors (tourists),2016,1472165
SRB,Overnight visitors (tourists),2017,1588693
SRB,Overnight visitors (tourists),2018,1720008
SRB,Overnight visitors (tourists),2019,1843432
SRB,Overnight visitors (tourists),2020,1374310
SRB,Overnight visitors (tourists),2021,1720054
SVK,Overnight visitors (tourists),2011,2110732
SVK,Overnight visitors (tourists),2012,2246562
SVK,Overnight visitors (tourists),2013,2378557
SVK,Overnight visitors (tourists),2014,2252693
SVK,Overnight visitors (tourists),2015,2609056
SVK,Overnight visitors (tourists),2016,2996620
SVK,Overnight visitors (tourists),2017,3213091
SVK,Overnight visitors (tourists),2018,3340380
SVK,Overnight visitors (tourists),2019,3957840
SVK,Overnight visitors (tourists),2020,2355996
SVK,Overnight visitors (tourists),2021,2148900
GRC,Same-day visitors (excursionists),2015,13913442
GRC,Same-day visitors (excursionists),2016,12281637
GRC,Same-day visitors (excursionists),2017,19158156
GRC,Same-day visitors (excursionists),2018,20609947
GRC,Same-day visitors (excursionists),2019,22698987
GRC,Same-day visitors (excursionists),2020,19058891
GRC,Same-day visitors (excursionists),2021,17068721
HUN,Same-day visitors (excursionists),2015,30278855
HUN,Same-day visitors (excursionists),2016,31144313
HUN,Same-day visitors (excursionists),2017,32441946
HUN,Same-day visitors (excursionists),2018,33924191
HUN,Same-day visitors (excursionists),2019,33674102
HUN,Same-day visitors (excursionists),2020,21013160
HUN,Same-day visitors (excursionists),2021,28627640
PER,Overnight visitors (tourists),2011,34577742
PER,Overnight visitors (tourists),2012,35519190
PER,Overnight visitors (tourists),2013,37030328
PER,Overnight visitors (tourists),2014,38731110
PER,Overnight visitors (tourists),2015,40507039
PER,Overnight visitors (tourists),2016,42387289
PER,Overnight visitors (tourists),2017,44382223
PER,Overnight visitors (tourists),2018,46517399
PER,Overnight visitors (tourists),2019,48575226
PER,Overnight visitors (tourists),2020,14369718
PER,Overnight visitors (tourists),2021,15562405
PER,Same-day visitors (excursionists),2011,59902872
PER,Same-day visitors (excursionists),2012,62422080
PER,Same-day visitors (excursionists),2013,64985284
PER,Same-day visitors (excursionists),2014,68189378
PER,Same-day visitors (excursionists),2015,71460991
PER,Same-day visitors (excursionists),2016,75026276
PER,Same-day visitors (excursionists),2017,76684304
PER,Same-day visitors (excursionists),2018,82321716
PER,Same-day visitors (excursionists),2019,86419565
PER,Same-day visitors (excursionists),2020,32699836
PER,Same-day visitors (excursionists),2021,48946546
BEL,Overnight visitors (tourists),2015,4201242.773
BEL,Overnight visitors (tourists),2016,3845109.58
BEL,Overnight visitors (tourists),2017,3997303.746
BEL,Overnight visitors (tourists),2018,4872278.529
BEL,Overnight visitors (tourists),2019,5361563.652
BEL,Overnight visitors (tourists),2020,4283886.375
BEL,Overnight visitors (tourists),2021,6911466.469
NLD,Overnight visitors (tourists),2011,17741000
NLD,Overnight visitors (tourists),2012,18120000
NLD,Overnight visitors (tourists),2013,17490000
NLD,Overnight visitors (tourists),2014,17176000
NLD,Overnight visitors (tourists),2015,16991000
NLD,Overnight visitors (tourists),2016,17583000
NLD,Overnight visitors (tourists),2017,19168000
NLD,Overnight visitors (tourists),2018,18341000
NLD,Overnight visitors (tourists),2019,17989000
NLD,Overnight visitors (tourists),2020,16958000
NLD,Overnight visitors (tourists),2021,21664000
NLD,Same-day visitors (excursionists),2018,864762000
NLD,Same-day visitors (excursionists),2021,49199000
LTU,Overnight visitors (tourists),2012,1090318
LTU,Overnight visitors (tourists),2013,1199914
LTU,Overnight visitors (tourists),2014,1316696
LTU,Overnight visitors (tourists),2015,1417321
LTU,Overnight visitors (tourists),2016,1546624
LTU,Overnight visitors (tourists),2017,1669403
LTU,Overnight visitors (tourists),2018,1875657
LTU,Overnight visitors (tourists),2019,2099777
LTU,Overnight visitors (tourists),2020,1615148
LTU,Overnight visitors (tourists),2021,1962633
BEL-BRU,Overnight visitors (tourists),2017,319365.832
BEL-BRU,Overnight visitors (tourists),2018,393876.311
BEL-BRU,Overnight visitors (tourists),2019,416030.533
BEL-BRU,Overnight visitors (tourists),2020,457216.628
BEL-VLG,Overnight visitors (tourists),2017,2800035.839
BEL-VLG,Overnight visitors (tourists),2018,3350554.869
BEL-VLG,Overnight visitors (tourists),2019,3654104.371
BEL-VLG,Overnight visitors (tourists),2020,2675188.908
BEL-WAL,Overnight visitors (tourists),2017,877902.074
BEL-WAL,Overnight visitors (tourists),2018,1127847.35
BEL-WAL,Overnight visitors (tourists),2019,1291428.748
BEL-WAL,Overnight visitors (tourists),2020,1151480.839
IDN,Same-day visitors (excursionists),2019,367805413
IDN,Same-day visitors (excursionists),2020,159873122
IDN,Same-day visitors (excursionists),2021,203495904
BEL,Same-day visitors (excursionists),2015,13986365.79
BEL,Same-day visitors (excursionists),2018,18480268.24
BEL,Same-day visitors (excursionists),2021,19012532.86
BRA,Overnight visitors (tourists),2020,9637000
BRA,Overnight visitors (tourists),2021,9256000
BRA,Same-day visitors (excursionists),2020,3665000
BRA,Same-day visitors (excursionists),2021,2991000
COL,Overnight visitors (tourists),2015,39378488
COL,Overnight visitors (tourists),2016,41428004.08
COL,Overnight visitors (tourists),2017,43845565.74
COL,Overnight visitors (tourists),2018,45280104.76
COL,Overnight visitors (tourists),2019,46278899.97
COL,Overnight visitors (tourists),2020,19419263.18
COL,Overnight visitors (tourists),2021,25659584.08
COL,Same-day visitors (excursionists),2015,32877347.51
COL,Same-day visitors (excursionists),2016,34270331.49
COL,Same-day visitors (excursionists),2017,34488198.67
COL,Same-day visitors (excursionists),2018,35803818.77
COL,Same-day visitors (excursionists),2019,37576755.04
COL,Same-day visitors (excursionists),2020,13016866.62
COL,Same-day visitors (excursionists),2021,17314234.03
HRV,Overnight visitors (tourists),2011,1488185
HRV,Overnight visitors (tourists),2012,1419098
HRV,Overnight visitors (tourists),2013,1441698
HRV,Overnight visitors (tourists),2014,1461490
HRV,Overnight visitors (tourists),2015,1622516
HRV,Overnight visitors (tourists),2016,1748590
HRV,Overnight visitors (tourists),2017,1837681
HRV,Overnight visitors (tourists),2018,2021709
HRV,Overnight visitors (tourists),2019,2212658
HRV,Overnight visitors (tourists),2020,1455849
HRV,Overnight visitors (tourists),2021,2134985
MLT,Overnight visitors (tourists),2011,143885.236
MLT,Overnight visitors (tourists),2012,153607.89
MLT,Overnight visitors (tourists),2013,148662.082
MLT,Overnight visitors (tourists),2014,155483.744
MLT,Overnight visitors (tourists),2015,157266.67
MLT,Overnight visitors (tourists),2016,151389.106
MLT,Overnight visitors (tourists),2017,167109.25
MLT,Overnight visitors (tourists),2018,184577
MLT,Overnight visitors (tourists),2019,201076
MLT,Overnight visitors (tourists),2020,219321
MLT,Overnight visitors (tourists),2021,245245
ROU,Overnight visitors (tourists),2011,5514907
ROU,Overnight visitors (tourists),2012,6030053
ROU,Overnight visitors (tourists),2013,6225798
ROU,Overnight visitors (tourists),2014,6551339
ROU,Overnight visitors (tourists),2015,7681896
ROU,Overnight visitors (tourists),2016,8521698
ROU,Overnight visitors (tourists),2017,9383266
ROU,Overnight visitors (tourists),2018,10108509
ROU,Overnight visitors (tourists),2019,10691195
ROU,Overnight visitors (tourists),2020,5944775
ROU,Overnight visitors (tourists),2021,8527409
FRA,Overnight visitors (tourists),2011,107167518
FRA,Overnight visitors (tourists),2012,106669791
FRA,Overnight visitors (tourists),2013,107692848
FRA,Overnight visitors (tourists),2014,106872222
FRA,Overnight visitors (tourists),2015,110730606
FRA,Overnight visitors (tourists),2016,112328896
FRA,Overnight visitors (tourists),2017,117915926
FRA,Overnight visitors (tourists),2018,118970000
FRA,Overnight visitors (tourists),2019,127196938
FRA,Overnight visitors (tourists),2020,73370249
FRA,Overnight visitors (tourists),2021,87120817
SAU,Overnight visitors (tourists),2015,46450433
SAU,Overnight visitors (tourists),2016,45036484
SAU,Overnight visitors (tourists),2017,43820576
SAU,Overnight visitors (tourists),2018,43255482
SAU,Overnight visitors (tourists),2019,47805187
SAU,Overnight visitors (tourists),2020,42106791
SAU,Overnight visitors (tourists),2021,63845292
SAU,Same-day visitors (excursionists),2015,7666413
SAU,Same-day visitors (excursionists),2016,4838780
SAU,Same-day visitors (excursionists),2017,3089374
SAU,Same-day visitors (excursionists),2018,3256481
SAU,Same-day visitors (excursionists),2019,5268956
SAU,Same-day visitors (excursionists),2020,6292303
SAU,Same-day visitors (excursionists),2021,9084822
