Abbreviation,Country_Arrivel,Year,Value
AUS,China,2011,540500
AUS,China,2012,628000
AUS,China,2013,720700
AUS,China,2014,851000
AUS,China,2015,1031900
AUS,China,2016,1208300
AUS,China,2017,1356900
AUS,China,2018,1432200
AUS,China,2019,1438700
AUS,China,2020,207700
AUS,China,2021,6500
AUS,United Kingdom,2011,637300
AUS,United Kingdom,2012,625800
AUS,United Kingdom,2013,668100
AUS,United Kingdom,2014,657200
AUS,United Kingdom,2015,688100
AUS,United Kingdom,2016,715500
AUS,United Kingdom,2017,732900
AUS,United Kingdom,2018,733000
AUS,United Kingdom,2019,715800
AUS,United Kingdom,2020,200800
AUS,United Kingdom,2021,21900
AUS,Japan,2011,332200
AUS,Japan,2012,352600
AUS,Japan,2013,330800
AUS,Japan,2014,333700
AUS,Japan,2015,342000
AUS,Japan,2016,417900
AUS,Japan,2017,434500
AUS,Japan,2018,469200
AUS,Japan,2019,498600
AUS,Japan,2020,91700
AUS,Japan,2021,1900
AUS,New Zealand,2011,1166800
AUS,New Zealand,2012,1193100
AUS,New Zealand,2013,1201200
AUS,New Zealand,2014,1244700
AUS,New Zealand,2015,1311800
AUS,New Zealand,2016,1345200
AUS,New Zealand,2017,1359500
AUS,New Zealand,2018,1384900
AUS,New Zealand,2019,1433800
AUS,New Zealand,2020,242500
AUS,New Zealand,2021,96700
AUS,United States,2011,469200
AUS,United States,2012,500300
AUS,United States,2013,516200
AUS,United States,2014,561700
AUS,United States,2015,618600
AUS,United States,2016,716500
AUS,United States,2017,780600
AUS,United States,2018,789400
AUS,United States,2019,818000
AUS,United States,2020,188700
AUS,United States,2021,16700
AUS,Singapore,2011,266000
AUS,Singapore,2012,287200
AUS,Singapore,2013,333100
AUS,Singapore,2014,362600
AUS,Singapore,2015,387100
AUS,Singapore,2016,429700
AUS,Singapore,2017,433000
AUS,Singapore,2018,447800
AUS,Singapore,2019,478500
AUS,Singapore,2020,58300
AUS,Singapore,2021,15800
CAN,Australia,2011,216000
CAN,Australia,2012,219000
CAN,Australia,2013,270000
CAN,Australia,2014,283000
CAN,Australia,2015,291000
CAN,Australia,2016,334000
CAN,Australia,2017,351000
CAN,Australia,2018,340000
CAN,Australia,2019,335000
CAN,Australia,2020,49000
CAN,Australia,2021,10000
CAN,China,2011,237000
CAN,China,2012,273000
CAN,China,2013,342000
CAN,China,2014,448000
CAN,China,2015,483000
CAN,China,2016,591000
CAN,China,2017,674000
CAN,China,2018,719000
CAN,China,2019,717000
CAN,China,2020,94000
CAN,China,2021,40000
CAN,Germany,2011,290000
CAN,Germany,2012,277000
CAN,Germany,2013,313000
CAN,Germany,2014,324000
CAN,Germany,2015,325000
CAN,Germany,2016,359000
CAN,Germany,2017,385000
CAN,Germany,2018,386000
CAN,Germany,2019,394000
CAN,Germany,2020,40000
CAN,Germany,2021,54000
CAN,France,2011,422000
CAN,France,2012,423000
CAN,France,2013,452000
CAN,France,2014,465000
CAN,France,2015,477000
CAN,France,2016,515000
CAN,France,2017,547000
CAN,France,2018,593000
CAN,France,2019,658000
CAN,France,2020,96000
CAN,France,2021,121000
CAN,United Kingdom,2011,623000
CAN,United Kingdom,2012,597000
CAN,United Kingdom,2013,609000
CAN,United Kingdom,2014,659000
CAN,United Kingdom,2015,686000
CAN,United Kingdom,2016,805000
CAN,United Kingdom,2017,794000
CAN,United Kingdom,2018,762000
CAN,United Kingdom,2019,883000
CAN,United Kingdom,2020,96000
CAN,United Kingdom,2021,112000
CAN,Japan,2011,186000
CAN,Japan,2012,190000
CAN,Japan,2013,221000
CAN,Japan,2014,262000
CAN,Japan,2015,260000
CAN,Japan,2016,285000
CAN,Japan,2017,277000
CAN,Japan,2018,224000
CAN,Japan,2019,240000
CAN,Japan,2020,31000
CAN,Japan,2021,11000
CAN,United States,2011,11597000
CAN,United States,2012,11887000
CAN,United States,2013,11466000
CAN,United States,2014,11508000
CAN,United States,2015,12669000
CAN,United States,2016,13892000
CAN,United States,2017,14238000
CAN,United States,2018,14650000
CAN,United States,2019,14977000
CAN,United States,2020,1929000
CAN,United States,2021,2093000
DNK,Germany,2011,2153707
DNK,Germany,2012,2155936
DNK,Germany,2013,2065161
DNK,Germany,2014,2686544
DNK,Germany,2015,2820715
DNK,Germany,2016,3047770
DNK,Germany,2017,3312490
DNK,Germany,2018,3451664
DNK,Germany,2019,4009358
DNK,Germany,2020,2462733
DNK,Germany,2021,2669358
DNK,United Kingdom,2011,658053
DNK,United Kingdom,2012,649868
DNK,United Kingdom,2013,667243
DNK,United Kingdom,2014,743548
DNK,United Kingdom,2015,786983
DNK,United Kingdom,2016,822362
DNK,United Kingdom,2017,936964
DNK,United Kingdom,2018,942006
DNK,United Kingdom,2019,943841
DNK,United Kingdom,2020,274583
DNK,United Kingdom,2021,239897
DNK,Norway,2011,1478624
DNK,Norway,2012,1478984
DNK,Norway,2013,1481109
DNK,Norway,2014,1786062
DNK,Norway,2015,1800809
DNK,Norway,2016,1767217
DNK,Norway,2017,1892403
DNK,Norway,2018,1886428
DNK,Norway,2019,1531700
DNK,Norway,2020,487851
DNK,Norway,2021,412059
DNK,Sweden,2011,1176550
DNK,Sweden,2012,1184213
DNK,Sweden,2013,1207267
DNK,Sweden,2014,1443306
DNK,Sweden,2015,1437570
DNK,Sweden,2016,1432245
DNK,Sweden,2017,1559864
DNK,Sweden,2018,1571598
DNK,Sweden,2019,1490454
DNK,Sweden,2020,403184
DNK,Sweden,2021,556694
DNK,United States,2011,529894
DNK,United States,2012,510112
DNK,United States,2013,517816
DNK,United States,2014,507414
DNK,United States,2015,513720
DNK,United States,2016,523041
DNK,United States,2017,746358
DNK,United States,2018,780069
DNK,United States,2019,1062727
DNK,United States,2020,247261
DNK,United States,2021,562563
FIN,China,2015,208000
FIN,China,2016,265000
FIN,China,2017,297000
FIN,China,2018,373000
FIN,Germany,2011,399000
FIN,Germany,2012,342000
FIN,Germany,2015,312000
FIN,Germany,2016,348000
FIN,Germany,2017,363000
FIN,Germany,2018,385000
FIN,Estonia,2011,708000
FIN,Estonia,2012,758000
FIN,Estonia,2015,654000
FIN,Estonia,2016,506000
FIN,Estonia,2017,619000
FIN,Estonia,2018,518000
FIN,United Kingdom,2011,278000
FIN,United Kingdom,2012,273000
FIN,United Kingdom,2015,230000
FIN,United Kingdom,2016,224000
FIN,United Kingdom,2017,312000
FIN,United Kingdom,2018,284000
FIN,Russian Federation,2011,3261000
FIN,Russian Federation,2012,3578000
FIN,Russian Federation,2015,1023000
FIN,Russian Federation,2016,761000
FIN,Russian Federation,2017,888000
FIN,Russian Federation,2018,979000
FIN,Sweden,2011,681000
FIN,Sweden,2012,702000
FIN,Sweden,2015,674000
FIN,Sweden,2016,642000
FIN,Sweden,2017,671000
FIN,Sweden,2018,669000
FRA,Belgium,2011,10086391
FRA,Belgium,2012,10364897
FRA,Belgium,2013,9319831
FRA,Belgium,2014,9256720
FRA,Belgium,2015,9614081
FRA,Belgium,2016,9110174
FRA,Belgium,2017,10448372
FRA,Belgium,2018,10507020
FRA,Belgium,2019,11854003
FRA,Belgium,2020,7202628
FRA,Belgium,2021,8314137
FRA,Switzerland,2011,5685972
FRA,Switzerland,2012,6091708
FRA,Switzerland,2013,6498758
FRA,Switzerland,2014,6480475
FRA,Switzerland,2015,6010089
FRA,Switzerland,2016,6352645
FRA,Switzerland,2017,7013236
FRA,Switzerland,2018,6771926
FRA,Switzerland,2019,6506084
FRA,Switzerland,2020,3657230
FRA,Switzerland,2021,4749776
FRA,Germany,2011,11951353
FRA,Germany,2012,12563526
FRA,Germany,2013,13392500
FRA,Germany,2014,12908576
FRA,Germany,2015,11477642
FRA,Germany,2016,11753130
FRA,Germany,2017,12256164
FRA,Germany,2018,12272217
FRA,Germany,2019,13605887
FRA,Germany,2020,6446643
FRA,Germany,2021,7514792
FRA,Spain,2011,5487702
FRA,Spain,2012,6130976
FRA,Spain,2013,5398485
FRA,Spain,2014,5933174
FRA,Spain,2015,6125135
FRA,Spain,2016,5793718
FRA,Spain,2017,6753159
FRA,Spain,2018,6734267
FRA,Spain,2019,6729965
FRA,Spain,2020,3242345
FRA,Spain,2021,4735184
FRA,United Kingdom,2011,12330649
FRA,United Kingdom,2012,12134488
FRA,United Kingdom,2013,12548670
FRA,United Kingdom,2014,11750812
FRA,United Kingdom,2015,12235713
FRA,United Kingdom,2016,12019067
FRA,United Kingdom,2017,12697580
FRA,United Kingdom,2018,13007825
FRA,United Kingdom,2019,12402503
FRA,United Kingdom,2020,4560205
FRA,United Kingdom,2021,3262914
FRA,Italy,2011,7407051
FRA,Italy,2012,7388458
FRA,Italy,2013,7170531
FRA,Italy,2014,7358179
FRA,Italy,2015,7594272
FRA,Italy,2016,6992289
FRA,Italy,2017,6600801
FRA,Italy,2018,6963211
FRA,Italy,2019,7418763
FRA,Italy,2020,3277343
FRA,Italy,2021,3358607
FRA,Netherlands,2011,6446244
FRA,Netherlands,2012,6296484
FRA,Netherlands,2013,6496052
FRA,Netherlands,2014,5424003
FRA,Netherlands,2015,5063458
FRA,Netherlands,2016,4056073
FRA,Netherlands,2017,4307442
FRA,Netherlands,2018,4730077
FRA,Netherlands,2019,5599220
FRA,Netherlands,2020,3799187
FRA,Netherlands,2021,3935090
FRA,United States,2011,3208279
FRA,United States,2012,2888031
FRA,United States,2013,2967633
FRA,United States,2014,3153057
FRA,United States,2015,3622362
FRA,United States,2016,4180317
FRA,United States,2017,4395522
FRA,United States,2018,4487891
FRA,United States,2019,4613985
FRA,United States,2020,1085101
FRA,United States,2021,1674834
GRC,Bulgaria,2011,686209
GRC,Bulgaria,2012,599110
GRC,Bulgaria,2013,691874
GRC,Bulgaria,2014,1534656
GRC,Bulgaria,2015,1900643
GRC,Bulgaria,2016,2522804
GRC,Bulgaria,2017,2546307
GRC,Bulgaria,2018,3135327
GRC,Bulgaria,2019,3882890
GRC,Bulgaria,2020,663106
GRC,Bulgaria,2021,761668
GRC,Germany,2011,2240481
GRC,Germany,2012,2108787
GRC,Germany,2013,2267545
GRC,Germany,2014,2459228
GRC,Germany,2015,2810349
GRC,Germany,2016,3138735
GRC,Germany,2017,3705950
GRC,Germany,2018,4381448
GRC,Germany,2019,4026286
GRC,Germany,2020,1526439
GRC,Germany,2021,3001164
GRC,France,2011,1149388
GRC,France,2012,977375
GRC,France,2013,1152217
GRC,France,2014,1463159
GRC,France,2015,1522100
GRC,France,2016,1313536
GRC,France,2017,1419799
GRC,France,2018,1524001
GRC,France,2019,1541793
GRC,France,2020,468803
GRC,France,2021,1174504
GRC,United Kingdom,2011,1758093
GRC,United Kingdom,2012,1920794
GRC,United Kingdom,2013,1846332
GRC,United Kingdom,2014,2089529
GRC,United Kingdom,2015,2397169
GRC,United Kingdom,2016,2894655
GRC,United Kingdom,2017,3002042
GRC,United Kingdom,2018,2942763
GRC,United Kingdom,2019,3499325
GRC,United Kingdom,2020,1068581
GRC,United Kingdom,2021,1591190
GRC,Italy,2011,938233
GRC,Italy,2012,848073
GRC,Italy,2013,964314
GRC,Italy,2014,1117711
GRC,Italy,2015,1355329
GRC,Italy,2016,1386902
GRC,Italy,2017,1441298
GRC,Italy,2018,1667114
GRC,Italy,2019,1553172
GRC,Italy,2020,373228
GRC,Italy,2021,806390
GRC,Former Yugoslav Republic of Macedonia,2011,1356229
GRC,Former Yugoslav Republic of Macedonia,2012,1300097
GRC,Former Yugoslav Republic of Macedonia,2013,1691800
GRC,Former Yugoslav Republic of Macedonia,2014,2346580
GRC,Former Yugoslav Republic of Macedonia,2015,3023058
GRC,Former Yugoslav Republic of Macedonia,2016,1721115
GRC,Former Yugoslav Republic of Macedonia,2017,1571489
GRC,Former Yugoslav Republic of Macedonia,2018,1187239
GRC,Former Yugoslav Republic of Macedonia,2019,947650
GRC,Former Yugoslav Republic of Macedonia,2020,215027
GRC,Former Yugoslav Republic of Macedonia,2021,479058
GRC,Netherlands,2011,560723
GRC,Netherlands,2012,478482
GRC,Netherlands,2013,580868
GRC,Netherlands,2014,657339
GRC,Netherlands,2015,639107
GRC,Netherlands,2016,770690
GRC,Netherlands,2017,947159
GRC,Netherlands,2018,1014998
GRC,Netherlands,2019,817846
GRC,Netherlands,2020,256621
GRC,Netherlands,2021,580466
GRC,Romania,2011,223699
GRC,Romania,2012,230396
GRC,Romania,2013,278874
GRC,Romania,2014,543361
GRC,Romania,2015,540289
GRC,Romania,2016,1026110
GRC,Romania,2017,1148944
GRC,Romania,2018,1389398
GRC,Romania,2019,1378127
GRC,Romania,2020,204551
GRC,Romania,2021,625501
GRC,Russian Federation,2011,738928
GRC,Russian Federation,2012,874787
GRC,Russian Federation,2013,1352901
GRC,Russian Federation,2014,1250174
GRC,Russian Federation,2015,512789
GRC,Russian Federation,2016,595482
GRC,Russian Federation,2017,588667
GRC,Russian Federation,2018,520182
GRC,Russian Federation,2019,582880
GRC,Russian Federation,2020,25682
GRC,Russian Federation,2021,119511
GRC,Türkiye,2011,552091
GRC,Türkiye,2012,602306
GRC,Türkiye,2013,831114
GRC,Türkiye,2014,976758
GRC,Türkiye,2015,1153046
GRC,Türkiye,2016,889762
GRC,Türkiye,2017,971841
GRC,Türkiye,2018,929730
GRC,Türkiye,2019,1093302
GRC,Türkiye,2020,232236
GRC,Türkiye,2021,195784
HUN,Austria,2011,894000
HUN,Austria,2012,942000
HUN,Austria,2013,793000
HUN,Austria,2014,976000
HUN,Austria,2015,1088000
HUN,Austria,2016,997000
HUN,Austria,2017,1253527
HUN,Austria,2018,8523090
HUN,Austria,2019,9053428
HUN,Austria,2020,5167431
HUN,Austria,2021,5139713
HUN,Czech Republic,2011,304000
HUN,Czech Republic,2012,320000
HUN,Czech Republic,2013,494000
HUN,Czech Republic,2014,748000
HUN,Czech Republic,2015,792000
HUN,Czech Republic,2016,833000
HUN,Czech Republic,2017,861731
HUN,Czech Republic,2018,1849900
HUN,Czech Republic,2019,1795373
HUN,Czech Republic,2020,821507
HUN,Czech Republic,2021,1093208
HUN,Germany,2011,2084000
HUN,Germany,2012,2201000
HUN,Germany,2013,1832000
HUN,Germany,2014,1898000
HUN,Germany,2015,1899000
HUN,Germany,2016,1783000
HUN,Germany,2017,1865053
HUN,Germany,2018,3202020
HUN,Germany,2019,3075344
HUN,Germany,2020,1370542
HUN,Germany,2021,2268656
HUN,United Kingdom,2011,326000
HUN,United Kingdom,2012,290000
HUN,United Kingdom,2013,364000
HUN,United Kingdom,2014,373000
HUN,United Kingdom,2015,480000
HUN,United Kingdom,2016,536000
HUN,United Kingdom,2017,660288
HUN,United Kingdom,2018,825606
HUN,United Kingdom,2019,900341
HUN,United Kingdom,2020,265610
HUN,United Kingdom,2021,181184
HUN,Poland,2011,347000
HUN,Poland,2012,531000
HUN,Poland,2013,635000
HUN,Poland,2014,535000
HUN,Poland,2015,418000
HUN,Poland,2016,431000
HUN,Poland,2017,426614
HUN,Poland,2018,2425008
HUN,Poland,2019,2434507
HUN,Poland,2020,1192503
HUN,Poland,2021,1438397
HUN,Romania,2011,686000
HUN,Romania,2012,591000
HUN,Romania,2013,589000
HUN,Romania,2014,758000
HUN,Romania,2015,1583000
HUN,Romania,2016,2299000
HUN,Romania,2017,2075918
HUN,Romania,2018,11897699
HUN,Romania,2019,13248527
HUN,Romania,2020,6733016
HUN,Romania,2021,8025628
HUN,Slovak Republic,2011,367000
HUN,Slovak Republic,2012,436000
HUN,Slovak Republic,2013,639000
HUN,Slovak Republic,2014,1024000
HUN,Slovak Republic,2015,1533000
HUN,Slovak Republic,2016,1476000
HUN,Slovak Republic,2017,1561730
HUN,Slovak Republic,2018,9999872
HUN,Slovak Republic,2019,10072144
HUN,Slovak Republic,2020,5605793
HUN,Slovak Republic,2021,5216187
ISL,Germany,2011,61000
ISL,Germany,2012,70000
ISL,Germany,2013,83000
ISL,Germany,2014,94000
ISL,Germany,2015,103000
ISL,Germany,2016,133000
ISL,Germany,2017,156000
ISL,Germany,2018,139000
ISL,Germany,2019,132155
ISL,Germany,2020,43726
ISL,Germany,2021,63851
ISL,France,2011,37000
ISL,France,2012,42000
ISL,France,2013,49000
ISL,France,2014,59000
ISL,France,2015,66000
ISL,France,2016,85000
ISL,France,2017,100000
ISL,France,2018,97000
ISL,France,2019,97507
ISL,France,2020,27923
ISL,France,2021,36665
ISL,United Kingdom,2011,68000
ISL,United Kingdom,2012,95000
ISL,United Kingdom,2013,137000
ISL,United Kingdom,2014,181000
ISL,United Kingdom,2015,241000
ISL,United Kingdom,2016,316000
ISL,United Kingdom,2017,322500
ISL,United Kingdom,2018,298000
ISL,United Kingdom,2019,261805
ISL,United Kingdom,2020,101954
ISL,United Kingdom,2021,54317
ISL,Nordic countries,2011,131000
ISL,Nordic countries,2012,145000
ISL,Nordic countries,2013,150000
ISL,Nordic countries,2014,164000
ISL,Nordic countries,2015,160000
ISL,Nordic countries,2016,175000
ISL,Nordic countries,2017,181500
ISL,Nordic countries,2018,165000
ISL,Nordic countries,2019,148937
ISL,Nordic countries,2020,39432
ISL,Nordic countries,2021,41135
ISL,United States,2011,78000
ISL,United States,2012,95000
ISL,United States,2013,120000
ISL,United States,2014,152000
ISL,United States,2015,243000
ISL,United States,2016,415000
ISL,United States,2017,576000
ISL,United States,2018,695000
ISL,United States,2019,464059
ISL,United States,2020,52589
ISL,United States,2021,226645
IRL,Germany,2011,409000
IRL,Germany,2012,435000
IRL,Germany,2013,464000
IRL,Germany,2014,533000
IRL,Germany,2015,604000
IRL,Germany,2016,619000
IRL,Germany,2017,637000
IRL,Germany,2018,755000
IRL,Germany,2019,723000
IRL,France,2011,378000
IRL,France,2012,382000
IRL,France,2013,405000
IRL,France,2014,418000
IRL,France,2015,469000
IRL,France,2016,490000
IRL,France,2017,508000
IRL,France,2018,521000
IRL,France,2019,529000
IRL,Great Britain,2011,2623000
IRL,Great Britain,2012,2518000
IRL,Great Britain,2013,2641000
IRL,Great Britain,2014,2789000
IRL,Great Britain,2015,3119000
IRL,Great Britain,2016,3394000
IRL,Great Britain,2017,3239000
IRL,Great Britain,2018,3253000
IRL,Great Britain,2019,3269000
IRL,United States/Canada,2011,889000
IRL,United States/Canada,2012,922000
IRL,United States/Canada,2013,1012000
IRL,United States/Canada,2014,1121000
IRL,United States/Canada,2015,1271000
IRL,United States/Canada,2016,1447000
IRL,United States/Canada,2017,1682000
IRL,United States/Canada,2018,1924000
IRL,United States/Canada,2019,1863000
ITA,Austria,2011,3205214
ITA,Austria,2012,3083283
ITA,Austria,2013,3332861
ITA,Austria,2014,3244034
ITA,Austria,2015,3416980
ITA,Austria,2016,3512870
ITA,Austria,2017,3689608
ITA,Austria,2018,4019846
ITA,Austria,2019,4308778
ITA,Austria,2020,2034100
ITA,Austria,2021,2488253
ITA,Switzerland,2011,3235773
ITA,Switzerland,2012,3135368
ITA,Switzerland,2013,3026303
ITA,Switzerland,2014,3261349
ITA,Switzerland,2015,3264913
ITA,Switzerland,2016,3336453
ITA,Switzerland,2017,3309463
ITA,Switzerland,2018,3215894
ITA,Switzerland,2020,1560781
ITA,Switzerland,2021,1414982
ITA,Germany,2011,9874509
ITA,Germany,2012,10169734
ITA,Germany,2013,9544536
ITA,Germany,2014,9451363
ITA,Germany,2015,10016011
ITA,Germany,2016,11160739
ITA,Germany,2017,12450676
ITA,Germany,2018,13518339
ITA,Germany,2019,13950511
ITA,Germany,2020,5160770
ITA,Germany,2021,4603678
ITA,France,2011,4982574
ITA,France,2012,4977292
ITA,France,2013,5251927
ITA,France,2014,5358176
ITA,France,2015,6483089
ITA,France,2016,6394403
ITA,France,2017,7201639
ITA,France,2018,7640667
ITA,France,2019,7977514
ITA,France,2020,3687243
ITA,France,2021,3910414
ITA,United Kingdom,2011,3195408
ITA,United Kingdom,2012,3377115
ITA,United Kingdom,2013,3443285
ITA,United Kingdom,2014,3767868
ITA,United Kingdom,2015,4153132
ITA,United Kingdom,2016,4355870
ITA,United Kingdom,2017,4931968
ITA,United Kingdom,2018,5658509
ITA,United Kingdom,2019,6006435
ITA,United Kingdom,2020,1756074
ITA,United Kingdom,2021,908615
ITA,United States,2011,2714583
ITA,United States,2012,2590359
ITA,United States,2013,2884008
ITA,United States,2014,2960747
ITA,United States,2015,3159385
ITA,United States,2016,2927564
ITA,United States,2017,3361169
ITA,United States,2018,3693998
ITA,United States,2019,3946029
ITA,United States,2020,525678
ITA,United States,2021,706191
JPN,China,2011,1043246
JPN,China,2012,1425100
JPN,China,2013,1314437
JPN,China,2014,2409158
JPN,China,2015,4993689
JPN,China,2016,6373564
JPN,China,2017,7355818
JPN,China,2018,8380034
JPN,China,2019,9594394
JPN,China,2020,1069256
JPN,China,2021,42239
JPN,"Hong Kong, China",2011,364865
JPN,"Hong Kong, China",2012,481665
JPN,"Hong Kong, China",2013,745881
JPN,"Hong Kong, China",2014,925975
JPN,"Hong Kong, China",2015,1524292
JPN,"Hong Kong, China",2016,1839193
JPN,"Hong Kong, China",2017,2231568
JPN,"Hong Kong, China",2018,2207804
JPN,"Hong Kong, China",2019,2290792
JPN,"Hong Kong, China",2020,346020
JPN,"Hong Kong, China",2021,1252
JPN,Korea,2011,1658073
JPN,Korea,2012,2042775
JPN,Korea,2013,2456165
JPN,Korea,2014,2755313
JPN,Korea,2015,4002095
JPN,Korea,2016,5090302
JPN,Korea,2017,7140438
JPN,Korea,2018,7538952
JPN,Korea,2019,5584597
JPN,Korea,2020,487939
JPN,Korea,2021,18947
JPN,Chinese Taipei,2011,993974
JPN,Chinese Taipei,2012,1465753
JPN,Chinese Taipei,2013,2210821
JPN,Chinese Taipei,2014,2829821
JPN,Chinese Taipei,2015,3677075
JPN,Chinese Taipei,2016,4167512
JPN,Chinese Taipei,2017,4564053
JPN,Chinese Taipei,2018,4757258
JPN,Chinese Taipei,2019,4890602
JPN,Chinese Taipei,2020,694476
JPN,Chinese Taipei,2021,5016
JPN,United States,2011,565887
JPN,United States,2012,716709
JPN,United States,2013,799280
JPN,United States,2014,891668
JPN,United States,2015,1033258
JPN,United States,2016,1242719
JPN,United States,2017,1374964
JPN,United States,2018,1526407
JPN,United States,2019,1723861
JPN,United States,2020,219307
JPN,United States,2021,20026
KOR,China,2011,2220196
KOR,China,2012,2836892
KOR,China,2013,4326869
KOR,China,2014,6126865
KOR,China,2015,5984170
KOR,China,2016,8067722
KOR,China,2017,4169353
KOR,China,2018,4789512
KOR,China,2019,6023021
KOR,China,2020,686430
KOR,China,2021,170215
KOR,"Hong Kong, China",2011,280849
KOR,"Hong Kong, China",2012,360027
KOR,"Hong Kong, China",2013,400435
KOR,"Hong Kong, China",2014,558377
KOR,"Hong Kong, China",2015,523427
KOR,"Hong Kong, China",2016,650676
KOR,"Hong Kong, China",2017,658031
KOR,"Hong Kong, China",2018,683818
KOR,"Hong Kong, China",2019,694934
KOR,"Hong Kong, China",2020,88878
KOR,"Hong Kong, China",2021,1258
KOR,Japan,2011,3289051
KOR,Japan,2012,3518792
KOR,Japan,2013,2747750
KOR,Japan,2014,2280434
KOR,Japan,2015,1837782
KOR,Japan,2016,2297893
KOR,Japan,2017,2311447
KOR,Japan,2018,2948527
KOR,Japan,2019,3271706
KOR,Japan,2020,430742
KOR,Japan,2021,15265
KOR,Chinese Taipei,2011,428208
KOR,Chinese Taipei,2012,548233
KOR,Chinese Taipei,2013,544662
KOR,Chinese Taipei,2014,643683
KOR,Chinese Taipei,2015,518190
KOR,Chinese Taipei,2016,833465
KOR,Chinese Taipei,2017,925616
KOR,Chinese Taipei,2018,1115333
KOR,Chinese Taipei,2019,1260493
KOR,Chinese Taipei,2020,166716
KOR,Chinese Taipei,2021,4130
KOR,United States,2011,661503
KOR,United States,2012,697866
KOR,United States,2013,722315
KOR,United States,2014,770305
KOR,United States,2015,767613
KOR,United States,2016,866186
KOR,United States,2017,868881
KOR,United States,2018,967992
KOR,United States,2019,1044038
KOR,United States,2020,220417
KOR,United States,2021,204025
MEX,Canada,2011,1563146
MEX,Canada,2012,1571543
MEX,Canada,2013,1599425
MEX,Canada,2014,1676681
MEX,Canada,2015,1748531
MEX,Canada,2016,1781469
MEX,Canada,2017,1985084
MEX,Canada,2018,2155383
MEX,Canada,2019,2309528
MEX,Canada,2020,975697
MEX,Canada,2021,503589
MEX,Spain,2011,279530
MEX,Spain,2012,278812
MEX,Spain,2013,282255
MEX,Spain,2014,310123
MEX,Spain,2015,333306
MEX,Spain,2016,361498
MEX,Spain,2017,377346
MEX,Spain,2018,386257
MEX,Spain,2019,391738
MEX,Spain,2020,100023
MEX,Spain,2021,221225
MEX,France,2011,186778
MEX,France,2012,202855
MEX,France,2013,199866
MEX,France,2014,213863
MEX,France,2015,221957
MEX,France,2016,233901
MEX,France,2017,260821
MEX,France,2018,286848
MEX,France,2019,305384
MEX,France,2020,116008
MEX,France,2021,157082
MEX,United Kingdom,2011,330071
MEX,United Kingdom,2012,363142
MEX,United Kingdom,2013,414039
MEX,United Kingdom,2014,458932
MEX,United Kingdom,2015,505954
MEX,United Kingdom,2016,545055
MEX,United Kingdom,2017,563099
MEX,United Kingdom,2018,590945
MEX,United Kingdom,2019,581245
MEX,United Kingdom,2020,103889
MEX,United Kingdom,2021,125380
MEX,United States,2011,18956420
MEX,United States,2012,18658170
MEX,United States,2013,18939678
MEX,United States,2014,23399156
MEX,United States,2015,24093711
MEX,United States,2016,24261195
MEX,United States,2017,10340465
MEX,United States,2018,10496434
MEX,United States,2019,10511433
MEX,United States,2020,5151181
MEX,United States,2021,10239989
NZL,Australia,2011,1114026
NZL,Australia,2012,1114448
NZL,Australia,2013,1178272
NZL,Australia,2014,1210256
NZL,Australia,2015,1286992
NZL,Australia,2016,1351456
NZL,Australia,2017,1393488
NZL,Australia,2018,1411165
NZL,Australia,2019,1445050
NZL,Australia,2020,359781
NZL,Australia,2021,160248
NZL,China,2011,144673
NZL,China,2012,195856
NZL,China,2013,227696
NZL,China,2014,263312
NZL,China,2015,353168
NZL,China,2016,404064
NZL,China,2017,412240
NZL,China,2018,441176
NZL,China,2019,395379
NZL,China,2020,58508
NZL,China,2021,1644
NZL,United Kingdom,2011,226399
NZL,United Kingdom,2012,186608
NZL,United Kingdom,2013,188512
NZL,United Kingdom,2014,191584
NZL,United Kingdom,2015,200928
NZL,United Kingdom,2016,216864
NZL,United Kingdom,2017,244336
NZL,United Kingdom,2018,231568
NZL,United Kingdom,2019,225434
NZL,United Kingdom,2020,94255
NZL,United Kingdom,2021,6034
NZL,Japan,2011,67944
NZL,Japan,2012,70592
NZL,Japan,2013,72960
NZL,Japan,2014,79648
NZL,Japan,2015,85472
NZL,Japan,2016,98544
NZL,Japan,2017,98288
NZL,Japan,2018,96389
NZL,Japan,2019,94016
NZL,Japan,2020,25784
NZL,Japan,2021,561
NZL,United States,2011,178215
NZL,United States,2012,171888
NZL,United States,2013,195008
NZL,United States,2014,212736
NZL,United States,2015,234640
NZL,United States,2016,280432
NZL,United States,2017,315312
NZL,United States,2018,337778
NZL,United States,2019,348072
NZL,United States,2020,124818
NZL,United States,2021,5153
POL,Belarus,2011,1220000
POL,Belarus,2012,1620000
POL,Belarus,2013,1530000
POL,Belarus,2014,811000
POL,Belarus,2015,801000
POL,Belarus,2016,715000
POL,Belarus,2017,763000
POL,Belarus,2018,793000
POL,Belarus,2019,807000
POL,Belarus,2020,391000
POL,Belarus,2021,490000
POL,Germany,2011,4590000
POL,Germany,2012,4800000
POL,Germany,2013,5280000
POL,Germany,2014,5743000
POL,Germany,2015,6012000
POL,Germany,2016,6288000
POL,Germany,2017,6504000
POL,Germany,2018,6704000
POL,Germany,2019,7067000
POL,Germany,2020,3426000
POL,Germany,2021,3630000
POL,United Kingdom,2014,664000
POL,United Kingdom,2015,753000
POL,United Kingdom,2016,797000
POL,United Kingdom,2017,851000
POL,United Kingdom,2018,919000
POL,United Kingdom,2019,1002000
POL,United Kingdom,2020,360000
POL,United Kingdom,2021,389000
POL,Lithuania,2011,630000
POL,Lithuania,2012,615000
POL,Lithuania,2013,590000
POL,Lithuania,2014,605000
POL,Lithuania,2015,633000
POL,Lithuania,2016,658000
POL,Lithuania,2017,677000
POL,Lithuania,2018,696000
POL,Lithuania,2019,708000
POL,Lithuania,2020,291000
POL,Lithuania,2021,299000
POL,Russian Federation,2011,500000
POL,Russian Federation,2012,670000
POL,Russian Federation,2013,765000
POL,Russian Federation,2014,1003000
POL,Russian Federation,2015,873000
POL,Russian Federation,2016,801000
POL,Russian Federation,2017,875000
POL,Russian Federation,2018,919000
POL,Russian Federation,2019,955000
POL,Russian Federation,2020,238000
POL,Ukraine,2011,1580000
POL,Ukraine,2012,1930000
POL,Ukraine,2013,2110000
POL,Ukraine,2014,1072000
POL,Ukraine,2015,1198000
POL,Ukraine,2016,1265000
POL,Ukraine,2017,1360000
POL,Ukraine,2018,2038000
POL,Ukraine,2019,2596000
POL,Ukraine,2020,1021000
POL,Ukraine,2021,1496000
ESP,Germany,2011,8975236
ESP,Germany,2012,9318737
ESP,Germany,2013,9856687
ESP,Germany,2014,10422055
ESP,Germany,2015,10260300
ESP,Germany,2016,11208656
ESP,Germany,2017,11897376
ESP,Germany,2018,11414955
ESP,Germany,2019,11158022
ESP,Germany,2020,2391437
ESP,Germany,2021,5208894
ESP,France,2011,13615385
ESP,France,2012,13624050
ESP,France,2013,14333773
ESP,France,2014,15006744
ESP,France,2015,15764034
ESP,France,2016,17675367
ESP,France,2017,18806776
ESP,France,2018,18523957
ESP,France,2019,18012484
ESP,France,2020,3150204
ESP,France,2021,5822671
ESP,United Kingdom,2011,8375035
ESP,United Kingdom,2012,8913399
ESP,United Kingdom,2013,9539035
ESP,United Kingdom,2014,10615746
ESP,United Kingdom,2015,11503609
ESP,United Kingdom,2016,11258540
ESP,United Kingdom,2017,11267269
ESP,United Kingdom,2018,11293323
ESP,United Kingdom,2019,11147397
ESP,United Kingdom,2020,3887750
ESP,United Kingdom,2021,4302634
ESP,Italy,2011,3764818
ESP,Italy,2012,3537932
ESP,Italy,2013,3225360
ESP,Italy,2014,3697702
ESP,Italy,2015,3907288
ESP,Italy,2016,3969322
ESP,Italy,2017,4222865
ESP,Italy,2018,4389453
ESP,Italy,2019,4534515
ESP,Italy,2020,947406
ESP,Italy,2021,1839655
ESP,Nordic countries,2011,3764818
ESP,Nordic countries,2012,3537932
ESP,Nordic countries,2013,3225360
ESP,Nordic countries,2014,3697702
ESP,Nordic countries,2015,3907288
ESP,Nordic countries,2016,3969322
ESP,Nordic countries,2017,4222865
ESP,Nordic countries,2018,4389453
ESP,Nordic countries,2019,4534515
ESP,Nordic countries,2020,947406
ESP,Nordic countries,2021,1839655
SWE,Germany,2011,1369101
SWE,Germany,2012,1578299
SWE,Germany,2013,1302965
SWE,Germany,2014,1285072
SWE,Finland,2011,1791695
SWE,Finland,2012,1769268
SWE,Finland,2013,1522610
SWE,Finland,2014,1550012
SWE,United Kingdom,2011,526587
SWE,United Kingdom,2012,635655
SWE,United Kingdom,2013,548355
SWE,United Kingdom,2014,602544
SWE,Norway,2011,1956084
SWE,Norway,2012,1790993
SWE,Norway,2013,1784807
SWE,Norway,2014,1753639
TUR,Bulgaria,2011,1488384
TUR,Bulgaria,2012,1488398
TUR,Bulgaria,2013,1578647
TUR,Bulgaria,2014,1688030
TUR,Bulgaria,2015,1817175
TUR,Bulgaria,2016,1688205
TUR,Bulgaria,2017,1849666
TUR,Bulgaria,2018,2382877
TUR,Bulgaria,2019,2709905
TUR,Bulgaria,2020,1242460
TUR,Bulgaria,2021,1402081
TUR,Germany,2011,4568619
TUR,Germany,2012,4773423
TUR,Germany,2013,4811873
TUR,Germany,2014,5025663
TUR,Germany,2015,5356239
TUR,Germany,2016,3827020
TUR,Germany,2017,3517580
TUR,Germany,2018,4464324
TUR,Germany,2019,4992815
TUR,Germany,2020,1118871
TUR,Germany,2021,3083043
TUR,United Kingdom,2011,2278760
TUR,United Kingdom,2012,2155293
TUR,United Kingdom,2013,2246193
TUR,United Kingdom,2014,2351844
TUR,United Kingdom,2015,2265965
TUR,United Kingdom,2016,1587641
TUR,United Kingdom,2017,1604234
TUR,United Kingdom,2018,2220291
TUR,United Kingdom,2019,2504339
TUR,United Kingdom,2020,820509
TUR,United Kingdom,2021,386959
TUR,Russian Federation,2011,3446907
TUR,Russian Federation,2012,3579957
TUR,Russian Federation,2013,4245990
TUR,Russian Federation,2014,4460304
TUR,Russian Federation,2015,3633193
TUR,Russian Federation,2016,856612
TUR,Russian Federation,2017,4702498
TUR,Russian Federation,2018,5954388
TUR,Russian Federation,2019,6995935
TUR,Russian Federation,2020,2116656
TUR,Russian Federation,2021,4683759
TUR,Georgia,2011,1879033
TUR,Georgia,2012,1185864
TUR,Georgia,2013,1196482
TUR,Georgia,2014,1590457
TUR,Georgia,2015,1700181
TUR,Georgia,2016,1665061
TUR,Georgia,2017,2501392
TUR,Georgia,2018,2001631
TUR,Georgia,2019,2102674
TUR,Georgia,2020,408120
TUR,Georgia,2021,289767
GBR,Germany,2021,388429
GBR,Spain,2021,491939
GBR,France,2021,609721
GBR,Ireland,2021,685164
GBR,United States,2021,698671
USA,Canada,2011,21336761
USA,Canada,2012,22697345
USA,Canada,2013,23406993
USA,Canada,2014,23013691
USA,Canada,2015,20699152
USA,Canada,2016,19287499
USA,Canada,2017,20493214
USA,Canada,2018,21475152
USA,Canada,2019,20720068
USA,Canada,2020,4808888
USA,Canada,2021,2331000
USA,United Kingdom,2011,3905195
USA,United Kingdom,2012,3805681
USA,United Kingdom,2013,4017209
USA,United Kingdom,2014,4165429
USA,United Kingdom,2015,4915379
USA,United Kingdom,2016,4587092
USA,United Kingdom,2017,4482707
USA,United Kingdom,2018,4659178
USA,United Kingdom,2019,4779997
USA,United Kingdom,2020,730032
USA,United Kingdom,2021,460749
USA,Mexico,2011,13601025
USA,Mexico,2012,14198645
USA,Mexico,2013,14547237
USA,Mexico,2014,17069818
USA,Mexico,2015,18374224
USA,Mexico,2016,18990585
USA,Mexico,2017,17788008
USA,Mexico,2018,18387405
USA,Mexico,2019,18328181
USA,Mexico,2020,7041891
USA,Mexico,2021,9700000
ARG,Brazil,2011,1282374
ARG,Brazil,2012,1217353
ARG,Chile,2011,1101337
ARG,Chile,2012,1135197
ARG,Europe,2011,738778
ARG,Europe,2012,706335
ARG,Paraguay,2011,627620
ARG,Paraguay,2012,602475
ARG,Uruguay,2011,655635
ARG,Uruguay,2012,607880
BRA,Argentina,2011,1593775
BRA,Argentina,2012,1671604
BRA,Argentina,2013,1711491
BRA,Argentina,2014,1743930
BRA,Argentina,2015,2079823
BRA,Argentina,2016,2294900
BRA,Argentina,2017,2622327
BRA,Argentina,2018,2498483
BRA,Argentina,2019,1954725
BRA,Argentina,2020,887805
BRA,Chile,2011,217200
BRA,Chile,2012,250586
BRA,Chile,2013,268203
BRA,Chile,2014,336950
BRA,Chile,2015,306331
BRA,Chile,2016,311813
BRA,Chile,2017,342143
BRA,Chile,2018,387470
BRA,Chile,2019,391689
BRA,Chile,2020,131174
BRA,France,2011,207890
BRA,France,2012,218626
BRA,France,2013,224078
BRA,France,2014,282375
BRA,France,2015,261075
BRA,France,2016,263774
BRA,France,2017,254153
BRA,France,2018,238345
BRA,France,2019,257504
BRA,France,2020,70369
BRA,Paraguay,2011,192730
BRA,Paraguay,2012,246401
BRA,Paraguay,2013,268932
BRA,Paraguay,2014,293841
BRA,Paraguay,2015,301831
BRA,Paraguay,2016,316714
BRA,Paraguay,2017,336646
BRA,Paraguay,2018,356897
BRA,Paraguay,2019,406526
BRA,Paraguay,2020,122981
BRA,Uruguay,2011,261204
BRA,Uruguay,2012,253864
BRA,Uruguay,2013,262512
BRA,Uruguay,2014,223508
BRA,Uruguay,2015,267321
BRA,Uruguay,2016,284113
BRA,Uruguay,2017,328098
BRA,Uruguay,2018,348336
BRA,Uruguay,2019,364830
BRA,Uruguay,2020,113714
BRA,United States,2011,594947
BRA,United States,2012,586463
BRA,United States,2013,592827
BRA,United States,2014,656801
BRA,United States,2015,575796
BRA,United States,2016,570350
BRA,United States,2017,475232
BRA,United States,2018,538532
BRA,United States,2019,590520
BRA,United States,2020,172105
BGR,Germany,2011,700062
BGR,Germany,2012,650236
BGR,Germany,2013,682702
BGR,Germany,2014,714195
BGR,Germany,2015,622751
BGR,Germany,2016,826939
BGR,Germany,2017,870448
BGR,Germany,2018,850096
BGR,Greece,2011,942680
BGR,Greece,2012,928552
BGR,Greece,2013,935431
BGR,Greece,2014,1031981
BGR,Greece,2015,972971
BGR,Greece,2016,1067105
BGR,Greece,2017,1157622
BGR,Greece,2018,1116265
BGR,Former Yugoslav Republic of Macedonia,2011,382826
BGR,Former Yugoslav Republic of Macedonia,2012,388604
BGR,Former Yugoslav Republic of Macedonia,2013,397309
BGR,Former Yugoslav Republic of Macedonia,2014,408221
BGR,Former Yugoslav Republic of Macedonia,2015,473548
BGR,Former Yugoslav Republic of Macedonia,2016,527664
BGR,Former Yugoslav Republic of Macedonia,2017,545431
BGR,Former Yugoslav Republic of Macedonia,2018,559617
BGR,Romania,2011,960365
BGR,Romania,2012,932208
BGR,Romania,2013,941392
BGR,Romania,2014,947365
BGR,Romania,2015,986596
BGR,Romania,2016,1096874
BGR,Romania,2017,1139189
BGR,Romania,2018,1377009
BGR,Russian Federation,2011,455093
BGR,Russian Federation,2012,597504
BGR,Russian Federation,2013,681562
BGR,Russian Federation,2014,656454
BGR,Russian Federation,2015,484558
BGR,Russian Federation,2016,580002
BGR,Russian Federation,2017,557915
BGR,Russian Federation,2018,511701
BGR,Türkiye,2011,184835
BGR,Türkiye,2012,293818
BGR,Türkiye,2013,381704
BGR,Türkiye,2014,438306
BGR,Türkiye,2015,519050
BGR,Türkiye,2016,565368
BGR,Türkiye,2017,636046
BGR,Türkiye,2018,625254
CHL,Argentina,2011,1118767
CHL,Argentina,2012,1377645
CHL,Argentina,2013,1362752
CHL,Argentina,2014,1325503
CHL,Argentina,2015,1946876
CHL,Argentina,2016,2900709
CHL,Argentina,2017,3323771
CHL,Argentina,2018,2422235
CHL,Argentina,2019,1435467
CHL,Argentina,2020,414457
CHL,Argentina,2021,20912
CHL,Bolivia,2011,321488
CHL,Bolivia,2012,355758
CHL,Bolivia,2013,383765
CHL,Bolivia,2014,395335
CHL,Bolivia,2015,419822
CHL,Bolivia,2016,437154
CHL,Bolivia,2017,479690
CHL,Bolivia,2018,541294
CHL,Bolivia,2019,467699
CHL,Bolivia,2020,133426
CHL,Bolivia,2021,3653
CHL,Brazil,2011,324594
CHL,Brazil,2012,373840
CHL,Brazil,2013,362162
CHL,Brazil,2014,407740
CHL,Brazil,2015,455965
CHL,Brazil,2016,438915
CHL,Brazil,2017,544857
CHL,Brazil,2018,589172
CHL,Brazil,2019,542094
CHL,Brazil,2020,77872
CHL,Brazil,2021,13665
CHL,Peru,2011,338916
CHL,Peru,2012,338026
CHL,Peru,2013,331274
CHL,Peru,2014,343768
CHL,Peru,2015,359857
CHL,Peru,2016,403605
CHL,Peru,2017,394204
CHL,Peru,2018,388942
CHL,Peru,2019,410692
CHL,Peru,2020,97806
CHL,Peru,2021,27257
CHL,United States,2011,152446
CHL,United States,2012,158493
CHL,United States,2013,154204
CHL,United States,2014,162366
CHL,United States,2015,186613
CHL,United States,2016,208623
CHL,United States,2017,211718
CHL,United States,2018,222355
CHL,United States,2019,224741
CHL,United States,2020,62045
CHL,United States,2021,17612
COL,Argentina,2011,86365
COL,Argentina,2012,103434
COL,Argentina,2013,120741
COL,Argentina,2014,118368
COL,Argentina,2015,125558
COL,Argentina,2016,135157
COL,Argentina,2017,185891
COL,Argentina,2018,197707
COL,Argentina,2019,174807
COL,Argentina,2020,44738
COL,Argentina,2021,17686
COL,Brazil,2011,90646
COL,Brazil,2012,83328
COL,Brazil,2013,89753
COL,Brazil,2014,124779
COL,Brazil,2015,138078
COL,Brazil,2016,181861
COL,Brazil,2017,209138
COL,Brazil,2018,196829
COL,Brazil,2019,156883
COL,Brazil,2020,39326
COL,Brazil,2021,20656
COL,United States,2011,328663
COL,United States,2012,330805
COL,United States,2013,343685
COL,United States,2014,376624
COL,United States,2015,446158
COL,United States,2016,499032
COL,United States,2017,529013
COL,United States,2018,647784
COL,United States,2019,705359
COL,United States,2020,230331
COL,United States,2021,372498
COL,Venezuela,2011,215007
COL,Venezuela,2012,231227
COL,Venezuela,2013,239268
COL,Venezuela,2014,272814
COL,Venezuela,2015,306046
COL,Venezuela,2016,288212
COL,Venezuela,2017,371356
COL,Venezuela,2018,398587
COL,Venezuela,2019,399812
COL,Venezuela,2020,111627
COL,Venezuela,2021,133763
COL,Ecuador,2011,101512
COL,Ecuador,2012,107666
COL,Ecuador,2013,114126
COL,Ecuador,2014,126744
COL,Ecuador,2015,151761
COL,Ecuador,2016,167127
COL,Ecuador,2017,168998
COL,Ecuador,2018,164031
COL,Ecuador,2019,159165
COL,Ecuador,2020,37918
COL,Ecuador,2021,38841
CRI,Canada,2011,133033
CRI,Canada,2012,151568
CRI,Canada,2013,160398
CRI,Canada,2014,172730
CRI,Canada,2015,175771
CRI,Canada,2016,188104
CRI,Canada,2017,201921
CRI,Canada,2018,217006
CRI,Canada,2019,234621
CRI,Canada,2020,115632
CRI,Canada,2021,53185
CRI,Europe,2011,290719
CRI,Europe,2012,284996
CRI,Europe,2013,300942
CRI,Europe,2014,370482
CRI,Europe,2015,393115
CRI,Europe,2016,434884
CRI,Europe,2017,462295
CRI,Europe,2018,480102
CRI,Europe,2019,500602
CRI,Europe,2020,169949
CRI,Europe,2021,229813
CRI,United States,2011,858829
CRI,United States,2012,921097
CRI,United States,2013,929402
CRI,United States,2014,997262
CRI,United States,2015,1077044
CRI,United States,2016,1233277
CRI,United States,2017,1199241
CRI,United States,2018,1265067
CRI,United States,2019,1334777
CRI,United States,2020,434775
CRI,United States,2021,868986
CRI,Central America,2011,674172
CRI,Central America,2012,721049
CRI,Central America,2013,736161
CRI,Central America,2014,716645
CRI,Central America,2015,709102
CRI,Central America,2016,724638
CRI,Central America,2017,735178
CRI,Central America,2018,691386
CRI,Central America,2019,698601
CRI,Central America,2020,202374
CRI,Central America,2021,78425
CRI,South America,2011,128911
CRI,South America,2012,136486
CRI,South America,2013,164224
CRI,South America,2014,138138
CRI,South America,2015,156152
CRI,South America,2016,181179
CRI,South America,2017,181399
CRI,South America,2018,190413
CRI,South America,2019,195581
CRI,South America,2020,50237
CRI,South America,2021,60221
EGY,Germany,2011,965000
EGY,Germany,2012,1165000
EGY,Germany,2013,885479
EGY,Germany,2014,877228
EGY,Germany,2015,1010879
EGY,Germany,2016,653915
EGY,France,2011,345000
EGY,France,2012,318000
EGY,France,2013,191689
EGY,France,2014,144766
EGY,France,2015,136623
EGY,France,2016,101075
EGY,United Kingdom,2011,1034000
EGY,United Kingdom,2012,1012000
EGY,United Kingdom,2013,955344
EGY,United Kingdom,2014,905713
EGY,United Kingdom,2015,869481
EGY,United Kingdom,2016,231299
EGY,Italy,2011,555000
EGY,Italy,2012,719000
EGY,Italy,2013,504110
EGY,Italy,2014,400356
EGY,Italy,2015,332932
EGY,Italy,2016,131458
EGY,Russian Federation,2011,1832000
EGY,Russian Federation,2012,2518000
EGY,Russian Federation,2013,2393908
EGY,Russian Federation,2014,3138958
EGY,Russian Federation,2015,2389882
EGY,Russian Federation,2016,53864
EST,Germany,2011,166720
EST,Germany,2012,174567
EST,Germany,2013,161636
EST,Germany,2014,178961
EST,Germany,2015,193382
EST,Germany,2016,207164
EST,Germany,2017,219203
EST,Germany,2018,245408
EST,Germany,2019,269470
EST,Germany,2020,56278
EST,Germany,2021,67212
EST,Finland,2011,1201601
EST,Finland,2012,1206837
EST,Finland,2013,1294512
EST,Finland,2014,1303854
EST,Finland,2015,1233652
EST,Finland,2016,1279877
EST,Finland,2017,1222694
EST,Finland,2018,1145376
EST,Finland,2019,1129699
EST,Finland,2020,419066
EST,Finland,2021,214504
EST,Latvia,2011,202358
EST,Latvia,2012,208552
EST,Latvia,2013,218852
EST,Latvia,2014,232808
EST,Latvia,2015,245897
EST,Latvia,2016,264795
EST,Latvia,2017,291852
EST,Latvia,2018,297878
EST,Latvia,2019,319623
EST,Latvia,2020,178147
EST,Latvia,2021,137604
EST,Russian Federation,2011,342757
EST,Russian Federation,2012,464383
EST,Russian Federation,2013,551152
EST,Russian Federation,2014,542841
EST,Russian Federation,2015,388416
EST,Russian Federation,2016,412353
EST,Russian Federation,2017,459559
EST,Russian Federation,2018,463684
EST,Russian Federation,2019,462857
EST,Russian Federation,2020,111969
EST,Russian Federation,2021,44088
EST,Sweden,2011,187972
EST,Sweden,2012,158267
EST,Sweden,2013,153081
EST,Sweden,2014,141043
EST,Sweden,2015,116722
EST,Sweden,2016,120927
EST,Sweden,2017,120729
EST,Sweden,2018,119019
EST,Sweden,2019,129084
EST,Sweden,2020,18942
EST,Sweden,2021,30229
IND,United Kingdom,2011,798249
IND,United Kingdom,2012,788170
IND,United Kingdom,2013,809444
IND,United Kingdom,2014,838860
IND,United Kingdom,2015,867601
IND,United Kingdom,2016,941883
IND,United Kingdom,2017,986296
IND,United Kingdom,2018,1029757
IND,United Kingdom,2019,1000292
IND,United Kingdom,2020,291874
IND,United Kingdom,2021,148686
IND,Russian Federation,2011,144312
IND,Russian Federation,2012,177526
IND,Russian Federation,2013,259120
IND,Russian Federation,2014,269832
IND,Russian Federation,2015,172419
IND,Russian Federation,2016,227749
IND,Russian Federation,2017,278904
IND,Russian Federation,2018,262309
IND,Russian Federation,2019,251319
IND,Russian Federation,2020,102166
IND,Russian Federation,2021,13026
IND,United States,2011,980688
IND,United States,2012,1039947
IND,United States,2013,1085309
IND,United States,2014,1118983
IND,United States,2015,1213624
IND,United States,2016,1296939
IND,United States,2017,1376919
IND,United States,2018,1456678
IND,United States,2019,1512032
IND,United States,2020,394092
IND,United States,2021,406387
IND,Bangladesh,2011,463543
IND,Bangladesh,2012,487397
IND,Bangladesh,2013,524923
IND,Bangladesh,2014,942562
IND,Bangladesh,2015,1133879
IND,Bangladesh,2016,1380409
IND,Bangladesh,2017,2156557
IND,Bangladesh,2018,2256675
IND,Bangladesh,2019,2577727
IND,Bangladesh,2020,549273
IND,Bangladesh,2021,239806
IND,Sri Lanka,2011,305853
IND,Sri Lanka,2012,296983
IND,Sri Lanka,2013,262345
IND,Sri Lanka,2014,301601
IND,Sri Lanka,2015,299513
IND,Sri Lanka,2016,297418
IND,Sri Lanka,2017,303590
IND,Sri Lanka,2018,353684
IND,Sri Lanka,2019,330861
IND,Sri Lanka,2020,68646
IND,Sri Lanka,2021,25658
IDN,Australia,2011,933376
IDN,Australia,2012,952717
IDN,Australia,2013,983911
IDN,Australia,2014,1145576
IDN,Australia,2015,1090025
IDN,Australia,2016,1302292
IDN,Australia,2017,1256927
IDN,Australia,2018,1301478
IDN,Australia,2019,1386803
IDN,Australia,2020,256291
IDN,Australia,2021,3196
IDN,China,2011,594997
IDN,China,2012,726088
IDN,China,2013,858140
IDN,China,2014,1052705
IDN,China,2015,1249091
IDN,China,2016,1556771
IDN,China,2017,2093171
IDN,China,2018,2139161
IDN,China,2019,2072079
IDN,China,2020,239768
IDN,China,2021,54713
IDN,Singapore,2011,1324839
IDN,Singapore,2012,1324706
IDN,Singapore,2013,1432060
IDN,Singapore,2014,1559044
IDN,Singapore,2015,1594102
IDN,Singapore,2016,1515701
IDN,Singapore,2017,1554119
IDN,Singapore,2018,1768744
IDN,Singapore,2019,1934445
IDN,Singapore,2020,280492
IDN,Singapore,2021,18704
IDN,Malaysia,2011,1173351
IDN,Malaysia,2012,1269089
IDN,Malaysia,2013,1380686
IDN,Malaysia,2014,1418256
IDN,Malaysia,2015,1431728
IDN,Malaysia,2016,1541197
IDN,Malaysia,2017,2121888
IDN,Malaysia,2018,2503344
IDN,Malaysia,2019,2980753
IDN,Malaysia,2020,980118
IDN,Malaysia,2021,480723
ISR,Germany,2011,180000
ISR,Germany,2012,158400
ISR,Germany,2013,159800
ISR,Germany,2014,162300
ISR,Germany,2015,197700
ISR,Germany,2016,180100
ISR,Germany,2017,228500
ISR,Germany,2018,262600
ISR,Germany,2019,306400
ISR,Germany,2020,52100
ISR,Germany,2021,16500
ISR,France,2011,269400
ISR,France,2012,263490
ISR,France,2013,292300
ISR,France,2014,288900
ISR,France,2015,300100
ISR,France,2016,293000
ISR,France,2017,311600
ISR,France,2018,346000
ISR,France,2019,376500
ISR,France,2020,58600
ISR,France,2021,41500
ISR,United Kingdom,2011,168000
ISR,United Kingdom,2012,165100
ISR,United Kingdom,2013,173300
ISR,United Kingdom,2014,164600
ISR,United Kingdom,2015,197900
ISR,United Kingdom,2016,197100
ISR,United Kingdom,2017,211800
ISR,United Kingdom,2018,218000
ISR,United Kingdom,2019,259900
ISR,United Kingdom,2020,47100
ISR,United Kingdom,2021,32400
ISR,Russian Federation,2011,494200
ISR,Russian Federation,2012,526000
ISR,Russian Federation,2013,405000
ISR,Russian Federation,2014,411400
ISR,Russian Federation,2015,414600
ISR,Russian Federation,2016,284600
ISR,Russian Federation,2017,397600
ISR,Russian Federation,2018,316300
ISR,Russian Federation,2019,394400
ISR,Russian Federation,2020,59800
ISR,Russian Federation,2021,14400
ISR,United States,2011,581000
ISR,United States,2012,583600
ISR,United States,2013,597200
ISR,United States,2014,685900
ISR,United States,2015,637300
ISR,United States,2016,672100
ISR,United States,2017,806100
ISR,United States,2018,898100
ISR,United States,2019,1007600
ISR,United States,2020,205800
ISR,United States,2021,149100
LVA,Germany,2011,116400
LVA,Germany,2012,122600
LVA,Germany,2013,123409
LVA,Germany,2014,168297
LVA,Germany,2015,181625
LVA,Germany,2016,193716
LVA,Germany,2017,255403
LVA,Germany,2018,259795
LVA,Germany,2019,244982
LVA,Germany,2020,43955
LVA,Germany,2021,47895
LVA,Estonia,2011,102100
LVA,Estonia,2012,120800
LVA,Estonia,2013,146096
LVA,Estonia,2014,180704
LVA,Estonia,2015,283326
LVA,Estonia,2016,263395
LVA,Estonia,2017,191871
LVA,Estonia,2018,176019
LVA,Estonia,2019,210298
LVA,Estonia,2020,90080
LVA,Estonia,2021,45187
LVA,Finland,2011,95000
LVA,Finland,2012,65000
LVA,Finland,2013,71695
LVA,Finland,2014,79537
LVA,Finland,2015,107474
LVA,Finland,2016,85111
LVA,Finland,2017,101922
LVA,Finland,2018,80737
LVA,Finland,2019,82523
LVA,Finland,2020,35568
LVA,Finland,2021,17904
LVA,Lithuania,2011,191900
LVA,Lithuania,2012,203100
LVA,Lithuania,2013,209508
LVA,Lithuania,2014,265509
LVA,Lithuania,2015,345565
LVA,Lithuania,2016,374802
LVA,Lithuania,2017,300492
LVA,Lithuania,2018,274961
LVA,Lithuania,2019,308511
LVA,Lithuania,2020,205471
LVA,Lithuania,2021,66291
LVA,Russian Federation,2011,270500
LVA,Russian Federation,2012,272700
LVA,Russian Federation,2013,332574
LVA,Russian Federation,2014,347581
LVA,Russian Federation,2015,279126
LVA,Russian Federation,2016,222357
LVA,Russian Federation,2017,243011
LVA,Russian Federation,2018,243875
LVA,Russian Federation,2019,297761
LVA,Russian Federation,2020,85229
LVA,Russian Federation,2021,75623
LVA,Sweden,2011,151300
LVA,Sweden,2012,191500
LVA,Sweden,2013,194721
LVA,Sweden,2014,161771
LVA,Sweden,2015,116438
LVA,Sweden,2016,73256
LVA,Sweden,2017,78565
LVA,Sweden,2018,90873
LVA,Sweden,2019,40344
LVA,Sweden,2020,12506
LVA,Sweden,2021,12565
LTU,Belarus,2011,340300
LTU,Belarus,2012,373800
LTU,Belarus,2013,408000
LTU,Belarus,2014,424800
LTU,Belarus,2015,365900
LTU,Belarus,2016,394800
LTU,Belarus,2017,432100
LTU,Belarus,2018,443100
LTU,Belarus,2019,424400
LTU,Belarus,2020,102600
LTU,Belarus,2021,66800
LTU,Germany,2011,151300
LTU,Germany,2012,161700
LTU,Germany,2013,166300
LTU,Germany,2014,174200
LTU,Germany,2015,188700
LTU,Germany,2016,203000
LTU,Germany,2017,213500
LTU,Germany,2018,241500
LTU,Germany,2019,243400
LTU,Germany,2020,113400
LTU,Germany,2021,81100
LTU,Latvia,2011,178600
LTU,Latvia,2012,190100
LTU,Latvia,2013,198800
LTU,Latvia,2014,228500
LTU,Latvia,2015,254300
LTU,Latvia,2016,274100
LTU,Latvia,2017,307500
LTU,Latvia,2018,362100
LTU,Latvia,2019,356600
LTU,Latvia,2020,85500
LTU,Latvia,2021,180200
LTU,Poland,2011,215600
LTU,Poland,2012,190500
LTU,Poland,2013,182900
LTU,Poland,2014,162000
LTU,Poland,2015,175200
LTU,Poland,2016,196900
LTU,Poland,2017,218000
LTU,Poland,2018,249500
LTU,Poland,2019,248400
LTU,Poland,2020,88600
LTU,Poland,2021,107800
LTU,Russian Federation,2011,256600
LTU,Russian Federation,2012,328400
LTU,Russian Federation,2013,369200
LTU,Russian Federation,2014,326300
LTU,Russian Federation,2015,211600
LTU,Russian Federation,2016,216800
LTU,Russian Federation,2017,256800
LTU,Russian Federation,2018,286200
LTU,Russian Federation,2019,273000
LTU,Russian Federation,2020,70400
LTU,Russian Federation,2021,34400
MLT,Germany,2011,134306
MLT,Germany,2012,137500
MLT,Germany,2013,147110
MLT,Germany,2014,143053
MLT,Germany,2015,141855
MLT,Germany,2016,156786
MLT,Germany,2017,193033
MLT,Germany,2018,226962
MLT,Germany,2019,211546
MLT,Germany,2020,72470
MLT,Spain,2011,63088
MLT,Spain,2012,60223
MLT,Spain,2013,53278
MLT,Spain,2014,42285
MLT,Spain,2015,47237
MLT,Spain,2016,55023
MLT,Spain,2017,75511
MLT,Spain,2018,99046
MLT,Spain,2019,116295
MLT,Spain,2020,27480
MLT,France,2011,103629
MLT,France,2012,107893
MLT,France,2013,116533
MLT,France,2014,125511
MLT,France,2015,127953
MLT,France,2016,144804
MLT,France,2017,176371
MLT,France,2018,213299
MLT,France,2019,239140
MLT,France,2020,70875
MLT,United Kingdom,2011,438783
MLT,United Kingdom,2012,441275
MLT,United Kingdom,2013,454659
MLT,United Kingdom,2014,487714
MLT,United Kingdom,2015,525996
MLT,United Kingdom,2016,559987
MLT,United Kingdom,2017,560893
MLT,United Kingdom,2018,640570
MLT,United Kingdom,2019,649624
MLT,United Kingdom,2020,135944
MLT,Italy,2011,201774
MLT,Italy,2012,202200
MLT,Italy,2013,233777
MLT,Italy,2014,262631
MLT,Italy,2015,282815
MLT,Italy,2016,315223
MLT,Italy,2017,363668
MLT,Italy,2018,390607
MLT,Italy,2019,392955
MLT,Italy,2020,93977
MAR,Belgium,2011,258620
MAR,Belgium,2012,255290
MAR,Belgium,2013,272593
MAR,Belgium,2014,267308
MAR,Belgium,2015,243815
MAR,Belgium,2016,238984
MAR,Belgium,2017,259658
MAR,Belgium,2018,273535
MAR,Belgium,2019,272328
MAR,Belgium,2020,40603
MAR,Belgium,2021,64996
MAR,Germany,2011,219576
MAR,Germany,2012,199349
MAR,Germany,2013,237852
MAR,Germany,2014,255124
MAR,Germany,2015,286328
MAR,Germany,2016,260255
MAR,Germany,2017,331185
MAR,Germany,2018,394328
MAR,Germany,2019,413384
MAR,Germany,2020,79077
MAR,Germany,2021,38894
MAR,Spain,2011,693255
MAR,Spain,2012,730882
MAR,Spain,2013,682834
MAR,Spain,2014,683761
MAR,Spain,2015,626896
MAR,Spain,2016,615720
MAR,Spain,2017,710729
MAR,Spain,2018,814069
MAR,Spain,2019,880818
MAR,Spain,2020,200136
MAR,Spain,2021,99495
MAR,France,2011,1775961
MAR,France,2012,1769710
MAR,France,2013,1782056
MAR,France,2014,1798190
MAR,France,2015,1563568
MAR,France,2016,1449757
MAR,France,2017,1614011
MAR,France,2018,1844397
MAR,France,2019,1990813
MAR,France,2020,412179
MAR,France,2021,493933
MAR,United Kingdom,2011,352141
MAR,United Kingdom,2012,357347
MAR,United Kingdom,2013,403325
MAR,United Kingdom,2014,476550
MAR,United Kingdom,2015,504475
MAR,United Kingdom,2016,458561
MAR,United Kingdom,2017,486262
MAR,United Kingdom,2018,510516
MAR,United Kingdom,2019,551499
MAR,United Kingdom,2020,113258
MAR,United Kingdom,2021,56435
PER,Argentina,2011,147403
PER,Argentina,2012,158950
PER,Argentina,2013,155145
PER,Argentina,2014,155931
PER,Argentina,2015,170960
PER,Argentina,2016,175488
PER,Argentina,2017,205465
PER,Argentina,2018,216041
PER,Argentina,2019,214608
PER,Argentina,2020,45092
PER,Argentina,2021,14049
PER,Bolivia,2011,88042
PER,Bolivia,2012,101546
PER,Bolivia,2013,111983
PER,Bolivia,2014,126689
PER,Bolivia,2015,128943
PER,Bolivia,2016,136805
PER,Bolivia,2017,146660
PER,Bolivia,2018,158974
PER,Bolivia,2019,188642
PER,Bolivia,2020,52445
PER,Bolivia,2021,4340
PER,Brazil,2011,117537
PER,Brazil,2012,126085
PER,Brazil,2013,143538
PER,Brazil,2014,147875
PER,Brazil,2015,148312
PER,Brazil,2016,148296
PER,Brazil,2017,173753
PER,Brazil,2018,177711
PER,Brazil,2019,193898
PER,Brazil,2020,34446
PER,Brazil,2021,10542
PER,Chile,2011,741717
PER,Chile,2012,806929
PER,Chile,2013,886485
PER,Chile,2014,903793
PER,Chile,2015,984584
PER,Chile,2016,1055880
PER,Chile,2017,1101055
PER,Chile,2018,1159188
PER,Chile,2019,1196234
PER,Chile,2020,288397
PER,Chile,2021,36744
PER,United States,2011,411935
PER,United States,2012,447218
PER,United States,2013,487328
PER,United States,2014,514227
PER,United States,2015,545212
PER,United States,2016,586479
PER,United States,2017,598685
PER,United States,2018,641280
PER,United States,2019,656991
PER,United States,2020,127555
PER,United States,2021,177000
PER,Ecuador,2011,160841
PER,Ecuador,2012,176071
PER,Ecuador,2013,208358
PER,Ecuador,2014,223995
PER,Ecuador,2015,256127
PER,Ecuador,2016,318172
PER,Ecuador,2017,288987
PER,Ecuador,2018,293231
PER,Ecuador,2019,339486
PER,Ecuador,2020,66547
PER,Ecuador,2021,9869
PER,Colombia,2011,112816
PER,Colombia,2012,133975
PER,Colombia,2013,134725
PER,Colombia,2014,151876
PER,Colombia,2015,165384
PER,Colombia,2016,189754
PER,Colombia,2017,200812
PER,Colombia,2018,219452
PER,Colombia,2019,223943
PER,Colombia,2020,48950
PER,Colombia,2021,40952
PHL,Australia,2014,224784
PHL,Australia,2015,241187
PHL,Australia,2016,251098
PHL,China,2011,243137
PHL,China,2012,250883
PHL,China,2013,426352
PHL,China,2014,394951
PHL,China,2015,490841
PHL,China,2016,675663
PHL,Japan,2011,375496
PHL,Japan,2012,412474
PHL,Japan,2013,433705
PHL,Japan,2014,463744
PHL,Japan,2015,495662
PHL,Japan,2016,535238
PHL,Korea,2011,925204
PHL,Korea,2012,1031155
PHL,Korea,2013,1170000
PHL,Korea,2014,1175472
PHL,Korea,2015,1339678
PHL,Korea,2016,1475081
PHL,Chinese Taipei,2011,181738
PHL,Chinese Taipei,2012,216511
PHL,Chinese Taipei,2013,139099
PHL,Chinese Taipei,2015,177670
PHL,Chinese Taipei,2016,229303
PHL,United States,2011,624527
PHL,United States,2012,652626
PHL,United States,2013,674564
PHL,United States,2014,722750
PHL,United States,2015,779217
PHL,United States,2016,869463
RUS,China,2014,873792
RUS,China,2015,1121536
RUS,China,2016,1288720
RUS,China,2017,1478212
RUS,China,2018,1690186
RUS,China,2019,1882820
RUS,Germany,2014,583824
RUS,Germany,2015,553493
RUS,Germany,2016,566434
RUS,Germany,2017,580366
RUS,Germany,2018,645157
RUS,Germany,2019,689966
RUS,Finland,2014,1380179
RUS,Finland,2015,1415853
RUS,Finland,2016,1319030
RUS,Finland,2017,1016738
RUS,Finland,2018,949796
RUS,Finland,2019,895931
RUS,Poland,2014,1772336
RUS,Poland,2015,1725157
RUS,Poland,2016,1017462
RUS,Poland,2017,714282
RUS,Poland,2018,682229
RUS,Poland,2019,641174
RUS,Ukraine,2014,8435654
RUS,Ukraine,2015,8911705
RUS,Ukraine,2016,8569264
RUS,Ukraine,2017,8722832
RUS,Ukraine,2018,8202273
RUS,Ukraine,2019,7760199
ZAF,United Kingdom,2011,420000
ZAF,United Kingdom,2012,438000
ZAF,United Kingdom,2013,437000
ZAF,United Kingdom,2014,402000
ZAF,United Kingdom,2015,407000
ZAF,United Kingdom,2016,448000
ZAF,United Kingdom,2017,448000
ZAF,United Kingdom,2018,431000
ZAF,United Kingdom,2019,436000
ZAF,United Kingdom,2020,132000
ZAF,United Kingdom,2021,46000
ZAF,Lesotho,2011,1527000
ZAF,Lesotho,2012,1618000
ZAF,Lesotho,2013,1461000
ZAF,Lesotho,2014,1502000
ZAF,Lesotho,2015,1395000
ZAF,Lesotho,2016,1757000
ZAF,Lesotho,2017,1747000
ZAF,Lesotho,2018,1739000
ZAF,Lesotho,2019,1563000
ZAF,Lesotho,2020,449000
ZAF,Lesotho,2021,355000
ZAF,Mozambique,2011,1077000
ZAF,Mozambique,2012,1104000
ZAF,Mozambique,2013,1117000
ZAF,Mozambique,2014,1283000
ZAF,Mozambique,2015,1200000
ZAF,Mozambique,2016,1268000
ZAF,Mozambique,2017,1339000
ZAF,Mozambique,2018,1361000
ZAF,Mozambique,2019,1333000
ZAF,Mozambique,2020,423000
ZAF,Mozambique,2021,523000
ZAF,Swaziland,2011,700000
ZAF,Swaziland,2012,769000
ZAF,Swaziland,2013,836000
ZAF,Swaziland,2014,918000
ZAF,Swaziland,2015,838000
ZAF,Swaziland,2016,894000
ZAF,Swaziland,2017,877000
ZAF,Swaziland,2018,884000
ZAF,Swaziland,2019,918000
ZAF,Swaziland,2020,215000
ZAF,Swaziland,2021,178000
ZAF,Zimbabwe,2011,1553000
ZAF,Zimbabwe,2012,1848000
ZAF,Zimbabwe,2013,1935000
ZAF,Zimbabwe,2014,2144000
ZAF,Zimbabwe,2015,1901000
ZAF,Zimbabwe,2016,2029000
ZAF,Zimbabwe,2017,2040000
ZAF,Zimbabwe,2018,2209000
ZAF,Zimbabwe,2019,2259000
ZAF,Zimbabwe,2020,685000
ZAF,Zimbabwe,2021,411000
ZAF,Botswana,2011,478000
ZAF,Botswana,2012,452000
ZAF,Botswana,2013,537000
ZAF,Botswana,2014,556000
ZAF,Botswana,2015,594000
ZAF,Botswana,2016,680000
ZAF,Botswana,2017,681000
ZAF,Botswana,2018,689000
ZAF,Botswana,2019,668000
ZAF,Botswana,2020,129000
ZAF,Botswana,2021,103000
IRL,Other Europe,2011,1382000
IRL,Other Europe,2012,1415000
IRL,Other Europe,2013,1461000
IRL,Other Europe,2014,1521000
IRL,Other Europe,2015,1787000
IRL,Other Europe,2016,1965000
IRL,Other Europe,2017,2081000
IRL,Other Europe,2018,2203000
IRL,Other Europe,2019,2321000
IDN,India,2011,181791
IDN,India,2012,196983
IDN,India,2013,231266
IDN,India,2014,267082
IDN,India,2015,306960
IDN,India,2016,422045
IDN,India,2017,536678
IDN,India,2018,595386
IDN,India,2019,657300
IDN,India,2020,111724
IDN,India,2021,6670
RUS,Armenia,2014,601409
RUS,Armenia,2015,552142
RUS,Armenia,2016,596041
RUS,Armenia,2017,584393
RUS,Armenia,2018,565807
RUS,Armenia,2019,550834
RUS,Azerbaijan,2014,818467
RUS,Azerbaijan,2015,856349
RUS,Azerbaijan,2016,898426
RUS,Azerbaijan,2017,876074
RUS,Azerbaijan,2018,893384
RUS,Azerbaijan,2019,910902
RUS,Kazakhstan,2014,3733319
RUS,Kazakhstan,2015,4711082
RUS,Kazakhstan,2016,3564152
RUS,Kazakhstan,2017,3484687
RUS,Kazakhstan,2018,3510144
RUS,Kazakhstan,2019,3563572
TUR,Netherlands,2011,1149360
TUR,Netherlands,2012,1402018
TUR,Netherlands,2013,1766268
TUR,Netherlands,2014,1750867
TUR,Netherlands,2015,1906967
TUR,Netherlands,2016,2203647
TUR,Netherlands,2017,2434146
TUR,Netherlands,2018,2065948
TUR,Netherlands,2019,1989150
TUR,Netherlands,2020,271464
TUR,Netherlands,2021,645052
COL,Mexico,2017,171841
COL,Mexico,2018,182014
COL,Mexico,2019,198455
COL,Mexico,2020,52038
COL,Mexico,2021,54574
COL,Peru,2017,140905
COL,Peru,2018,151499
COL,Peru,2019,180664
COL,Peru,2020,48098
COL,Peru,2021,44417
ROU,Bulgaria,2011,797382
ROU,Bulgaria,2012,943501
ROU,Bulgaria,2013,1135567
ROU,Bulgaria,2014,1209059
ROU,Bulgaria,2015,1523660
ROU,Bulgaria,2016,1527103
ROU,Bulgaria,2017,1602964
ROU,Bulgaria,2018,1600224
ROU,Bulgaria,2019,1856947
ROU,Bulgaria,2020,1267193
ROU,Bulgaria,2021,1254167
ROU,Germany,2011,381336
ROU,Germany,2012,439219
ROU,Germany,2013,448344
ROU,Germany,2014,469867
ROU,Germany,2015,437723
ROU,Germany,2016,466481
ROU,Germany,2017,478924
ROU,Germany,2018,489364
ROU,Germany,2019,520718
ROU,Germany,2020,143476
ROU,Germany,2021,232153
ROU,Hungary,2011,1545502
ROU,Hungary,2012,1547014
ROU,Hungary,2013,1442567
ROU,Hungary,2014,1495242
ROU,Hungary,2015,1661938
ROU,Hungary,2016,1561548
ROU,Hungary,2017,1453550
ROU,Hungary,2018,1466301
ROU,Hungary,2019,1529429
ROU,Hungary,2020,481262
ROU,Hungary,2021,603203
ROU,Italy,2011,352310
ROU,Italy,2012,340138
ROU,Italy,2013,332355
ROU,Italy,2014,355229
ROU,Italy,2015,324029
ROU,Italy,2016,425095
ROU,Italy,2017,460469
ROU,Italy,2018,468409
ROU,Italy,2019,477211
ROU,Italy,2020,120564
ROU,Italy,2021,228164
ROU,Poland,2011,249731
ROU,Poland,2012,300794
ROU,Poland,2013,299724
ROU,Poland,2014,307932
ROU,Poland,2015,355389
ROU,Poland,2016,301680
ROU,Poland,2017,310995
ROU,Poland,2018,313583
ROU,Poland,2019,345286
ROU,Poland,2020,199065
ROU,Poland,2021,200890
ROU,Serbia,2011,244950
ROU,Serbia,2012,286291
ROU,Serbia,2013,318617
ROU,Serbia,2014,312277
ROU,Serbia,2015,324029
ROU,Serbia,2016,426741
ROU,Serbia,2017,507057
ROU,Serbia,2018,543115
ROU,Serbia,2019,576287
ROU,Serbia,2020,194705
ROU,Serbia,2021,225307
ROU,Ukraine,2011,648394
ROU,Ukraine,2012,739545
ROU,Ukraine,2013,793612
ROU,Ukraine,2014,716260
ROU,Ukraine,2015,823460
ROU,Ukraine,2016,1055344
ROU,Ukraine,2017,1207812
ROU,Ukraine,2018,1491351
ROU,Ukraine,2019,1754542
ROU,Ukraine,2020,663097
ROU,Ukraine,2021,1105215
ROU,Moldova,2011,1330322
ROU,Moldova,2012,1120272
ROU,Moldova,2013,995118
ROU,Moldova,2014,1277062
ROU,Moldova,2015,1632776
ROU,Moldova,2016,1917707
ROU,Moldova,2017,2051793
ROU,Moldova,2018,2330440
ROU,Moldova,2019,2522741
ROU,Moldova,2020,826722
ROU,Moldova,2021,1246871
TUR,Ukraine,2011,588364
TUR,Ukraine,2012,618453
TUR,Ukraine,2013,739454
TUR,Ukraine,2014,640626
TUR,Ukraine,2015,691335
TUR,Ukraine,2016,1029162
TUR,Ukraine,2017,1265687
TUR,Ukraine,2018,1371869
TUR,Ukraine,2019,1515123
TUR,Ukraine,2020,978647
TUR,Ukraine,2021,2049192
JPN,Nepal,2021,11648
JPN,Thailand,2020,219830
JPN,Thailand,2021,2758
JPN,Vietnam,2021,26586
ESP,Netherlands,2011,3898028
ESP,Netherlands,2012,4168341
ESP,Netherlands,2013,4874870
ESP,Netherlands,2014,5044539
ESP,Netherlands,2015,5009081
ESP,Netherlands,2016,5129025
ESP,Netherlands,2017,5826548
ESP,Netherlands,2018,5803535
ESP,Netherlands,2019,5530112
ESP,Netherlands,2020,1175330
ESP,Netherlands,2021,2048853
AUS,India,2011,149200
AUS,India,2012,164300
AUS,India,2013,176900
AUS,India,2014,200100
AUS,India,2015,235800
AUS,India,2016,262300
AUS,India,2017,302600
AUS,India,2018,357700
AUS,India,2019,399300
AUS,India,2020,84000
AUS,India,2021,13000
POL,France,2021,309000
USA,Peru,2011,174108
USA,Peru,2012,187882
USA,Peru,2013,231020
USA,Peru,2014,252394
USA,Peru,2015,287566
USA,Peru,2016,296633
USA,Peru,2017,287524
USA,Peru,2018,303980
USA,Peru,2019,331905
USA,Peru,2020,91917
USA,Peru,2021,404937
USA,Colombia,2011,504845
USA,Colombia,2012,598135
USA,Colombia,2013,789894
USA,Colombia,2014,891709
USA,Colombia,2015,861907
USA,Colombia,2016,852618
USA,Colombia,2017,841931
USA,Colombia,2018,942617
USA,Colombia,2019,944013
USA,Colombia,2020,270110
USA,Colombia,2021,1063659
USA,India,2011,696107
USA,India,2012,747833
USA,India,2013,905834
USA,India,2014,985667
USA,India,2015,1147693
USA,India,2016,1206771
USA,India,2017,1285466
USA,India,2018,1378035
USA,India,2019,1473517
USA,India,2020,335990
USA,India,2021,433305
USA,Ecuador,2011,213436
USA,Ecuador,2012,207642
USA,Ecuador,2013,265010
USA,Ecuador,2014,338724
USA,Ecuador,2015,375705
USA,Ecuador,2016,416109
USA,Ecuador,2017,418009
USA,Ecuador,2018,450857
USA,Ecuador,2019,456741
USA,Ecuador,2020,169366
USA,Ecuador,2021,407417
