Abbreviation,VARIABLE,International_Destination,Year,Value
AUS,IDN,Indonesia,2008,384600
AUS,IDN,Indonesia,2009,546300
AUS,IDN,Indonesia,2010,733900
AUS,IDN,Indonesia,2011,885700
AUS,IDN,Indonesia,2012,915100
AUS,IDN,Indonesia,2013,950700
AUS,IDN,Indonesia,2014,1088800
AUS,IDN,Indonesia,2015,1094000
AUS,IDN,Indonesia,2016,1241800
AUS,IDN,Indonesia,2017,1182500
AUS,IDN,Indonesia,2018,1279900
AUS,IDN,Indonesia,2019,1400700
AUS,IDN,Indonesia,2020,310300
AUS,IDN,Indonesia,2021,2400
AUS,NZL,New Zealand,2008,918100
AUS,NZL,New Zealand,2009,1017500
AUS,NZL,New Zealand,2010,1058600
AUS,NZL,New Zealand,2011,1088300
AUS,NZL,New Zealand,2012,1106600
AUS,NZL,New Zealand,2013,1161500
AUS,NZL,New Zealand,2014,1192100
AUS,NZL,New Zealand,2015,1256500
AUS,NZL,New Zealand,2016,1342800
AUS,NZL,New Zealand,2017,1435900
AUS,NZL,New Zealand,2018,1436700
AUS,NZL,New Zealand,2019,1462800
AUS,NZL,New Zealand,2020,438700
AUS,NZL,New Zealand,2021,159700
AUS,THA,Thailand,2008,409000
AUS,THA,Thailand,2009,387200
AUS,THA,Thailand,2010,438400
AUS,THA,Thailand,2011,546700
AUS,THA,Thailand,2012,626000
AUS,THA,Thailand,2013,626600
AUS,THA,Thailand,2014,580200
AUS,THA,Thailand,2015,569400
AUS,THA,Thailand,2016,547800
AUS,THA,Thailand,2017,580300
AUS,THA,Thailand,2018,572900
AUS,THA,Thailand,2019,542900
AUS,THA,Thailand,2020,117800
AUS,THA,Thailand,2021,3100
AUS,GBR,United Kingdom,2008,474600
AUS,GBR,United Kingdom,2009,469400
AUS,GBR,United Kingdom,2010,488100
AUS,GBR,United Kingdom,2011,516500
AUS,GBR,United Kingdom,2012,519300
AUS,GBR,United Kingdom,2013,563200
AUS,GBR,United Kingdom,2014,563900
AUS,GBR,United Kingdom,2015,600000
AUS,GBR,United Kingdom,2016,586200
AUS,GBR,United Kingdom,2017,628500
AUS,GBR,United Kingdom,2018,663200
AUS,GBR,United Kingdom,2019,663400
AUS,GBR,United Kingdom,2020,146900
AUS,GBR,United Kingdom,2021,14700
AUS,USA,United States,2008,524300
AUS,USA,United States,2009,576300
AUS,USA,United States,2010,684700
AUS,USA,United States,2011,815500
AUS,USA,United States,2012,878700
AUS,USA,United States,2013,972000
AUS,USA,United States,2014,974300
AUS,USA,United States,2015,1030800
AUS,USA,United States,2016,1082800
AUS,USA,United States,2017,1074700
AUS,USA,United States,2018,1095700
AUS,USA,United States,2019,1055600
AUS,USA,United States,2020,235500
AUS,USA,United States,2021,17100
AUT,HRV,Croatia,2008,743692
AUT,HRV,Croatia,2009,928779
AUT,HRV,Croatia,2010,877726
AUT,HRV,Croatia,2011,1039128
AUT,HRV,Croatia,2012,1124664
AUT,HRV,Croatia,2013,985410
AUT,HRV,Croatia,2014,1085235
AUT,HRV,Croatia,2015,964501
AUT,HRV,Croatia,2016,1416323
AUT,HRV,Croatia,2017,1413303
AUT,HRV,Croatia,2018,1374907
AUT,HRV,Croatia,2019,1000275
AUT,HRV,Croatia,2020,237152
AUT,HRV,Croatia,2021,844661
AUT,DEU,Germany,2008,1901295.026
AUT,DEU,Germany,2009,1862303.445
AUT,DEU,Germany,2010,1892748.731
AUT,DEU,Germany,2011,1942062.361
AUT,DEU,Germany,2012,2368811.201
AUT,DEU,Germany,2013,2329530
AUT,DEU,Germany,2014,2346752
AUT,DEU,Germany,2015,2296832
AUT,DEU,Germany,2016,2323780
AUT,DEU,Germany,2017,2189432
AUT,DEU,Germany,2018,2043545
AUT,DEU,Germany,2019,2559000
AUT,DEU,Germany,2020,1153537
AUT,DEU,Germany,2021,1633063
AUT,GRC,Greece,2008,348637.278
AUT,GRC,Greece,2009,399235.517
AUT,GRC,Greece,2010,280227.389
AUT,GRC,Greece,2011,273244.384
AUT,GRC,Greece,2012,263450.609
AUT,GRC,Greece,2013,386996
AUT,GRC,Greece,2014,380398
AUT,GRC,Greece,2015,351783
AUT,GRC,Greece,2016,368657
AUT,GRC,Greece,2017,374949
AUT,GRC,Greece,2018,322352
AUT,GRC,Greece,2019,577451
AUT,GRC,Greece,2020,92828
AUT,GRC,Greece,2021,469132
AUT,ITA,Italy,2008,1766105.544
AUT,ITA,Italy,2009,1893245.608
AUT,ITA,Italy,2010,1845741.06
AUT,ITA,Italy,2011,1973078.717
AUT,ITA,Italy,2012,2083443.325
AUT,ITA,Italy,2013,1931612
AUT,ITA,Italy,2014,2032914
AUT,ITA,Italy,2015,1971202
AUT,ITA,Italy,2016,2177651
AUT,ITA,Italy,2017,2220578
AUT,ITA,Italy,2018,2057542
AUT,ITA,Italy,2019,2269219
AUT,ITA,Italy,2020,749109
AUT,ITA,Italy,2021,1994045
AUT,ESP,Spain,2008,503593
AUT,ESP,Spain,2009,484850
AUT,ESP,Spain,2010,574783
AUT,ESP,Spain,2011,574526
AUT,ESP,Spain,2012,571173
AUT,ESP,Spain,2013,486934
AUT,ESP,Spain,2014,576282
AUT,ESP,Spain,2015,592232
AUT,ESP,Spain,2016,627857
AUT,ESP,Spain,2017,620400
AUT,ESP,Spain,2018,503622
AUT,ESP,Spain,2019,628941
AUT,ESP,Spain,2020,128690
AUT,ESP,Spain,2021,351169
CZE,AUT,Austria,2011,500112
CZE,AUT,Austria,2012,478142
CZE,AUT,Austria,2013,577410
CZE,AUT,Austria,2014,569707
CZE,AUT,Austria,2015,492289.906
CZE,AUT,Austria,2016,588543.72
CZE,AUT,Austria,2017,657013.836
CZE,AUT,Austria,2018,676448.061
CZE,AUT,Austria,2019,692036.174
CZE,AUT,Austria,2020,465394.11
CZE,HRV,Croatia,2011,792956
CZE,HRV,Croatia,2012,806383
CZE,HRV,Croatia,2013,796858
CZE,HRV,Croatia,2014,784864
CZE,HRV,Croatia,2015,721435.724
CZE,HRV,Croatia,2016,828268.672
CZE,HRV,Croatia,2017,850056.54
CZE,HRV,Croatia,2018,812856.458
CZE,HRV,Croatia,2019,739630.346
CZE,HRV,Croatia,2020,411855.97
CZE,GRC,Greece,2011,318354
CZE,GRC,Greece,2012,314481
CZE,GRC,Greece,2013,338691
CZE,GRC,Greece,2014,291385
CZE,GRC,Greece,2015,252913.454
CZE,GRC,Greece,2016,265310.252
CZE,GRC,Greece,2017,370822.338
CZE,GRC,Greece,2018,471975.255
CZE,GRC,Greece,2019,406823.293
CZE,ITA,Italy,2011,562627
CZE,ITA,Italy,2012,549352
CZE,ITA,Italy,2013,525925
CZE,ITA,Italy,2014,552528
CZE,ITA,Italy,2015,497231.818
CZE,ITA,Italy,2016,552433.023
CZE,ITA,Italy,2017,635854.35
CZE,ITA,Italy,2018,607002.089
CZE,ITA,Italy,2019,605193.352
CZE,SVK,Slovak Republic,2011,944006
CZE,SVK,Slovak Republic,2012,1025036
CZE,SVK,Slovak Republic,2013,949119
CZE,SVK,Slovak Republic,2014,940938
CZE,SVK,Slovak Republic,2015,1386061.412
CZE,SVK,Slovak Republic,2016,1150561.764
CZE,SVK,Slovak Republic,2017,1270534.424
CZE,SVK,Slovak Republic,2018,1503995.382
CZE,SVK,Slovak Republic,2019,1357036.168
CZE,SVK,Slovak Republic,2020,670230.58
FIN,EST,Estonia,2012,2140000
FIN,EST,Estonia,2013,2030000
FIN,EST,Estonia,2014,2010000
FIN,EST,Estonia,2015,2090000
FIN,EST,Estonia,2016,2170000
FIN,EST,Estonia,2017,2060000
FIN,EST,Estonia,2018,1670000
FIN,EST,Estonia,2019,1600000
FIN,EST,Estonia,2020,620000
FIN,EST,Estonia,2021,390000
FIN,DEU,Germany,2012,200000
FIN,DEU,Germany,2013,170000
FIN,DEU,Germany,2014,180000
FIN,DEU,Germany,2015,270000
FIN,DEU,Germany,2016,260000
FIN,DEU,Germany,2017,310000
FIN,DEU,Germany,2018,330000
FIN,DEU,Germany,2019,310000
FIN,DEU,Germany,2020,150000
FIN,DEU,Germany,2021,100000
FIN,RUS,Russian Federation,2012,400000
FIN,RUS,Russian Federation,2013,370000
FIN,RUS,Russian Federation,2014,310000
FIN,RUS,Russian Federation,2015,310000
FIN,RUS,Russian Federation,2016,390000
FIN,RUS,Russian Federation,2017,340000
FIN,RUS,Russian Federation,2018,300000
FIN,ESP,Spain,2012,670000
FIN,ESP,Spain,2013,690000
FIN,ESP,Spain,2014,790000
FIN,ESP,Spain,2015,700000
FIN,ESP,Spain,2016,830000
FIN,ESP,Spain,2017,820000
FIN,ESP,Spain,2018,880000
FIN,ESP,Spain,2019,790000
FIN,ESP,Spain,2020,270000
FIN,ESP,Spain,2021,230000
FIN,SWE,Sweden,2012,1960000
FIN,SWE,Sweden,2013,1810000
FIN,SWE,Sweden,2014,1830000
FIN,SWE,Sweden,2015,1640000
FIN,SWE,Sweden,2016,1830000
FIN,SWE,Sweden,2017,1670000
FIN,SWE,Sweden,2018,1790000
FIN,SWE,Sweden,2019,1780000
FIN,SWE,Sweden,2020,350000
FIN,SWE,Sweden,2021,420000
FRA,BEL,Belgium,2008,1276140.26
FRA,BEL,Belgium,2009,1227555.834
FRA,BEL,Belgium,2010,1257965.28
FRA,BEL,Belgium,2011,1427994.518
FRA,BEL,Belgium,2012,1409823.764
FRA,BEL,Belgium,2013,1589161.626
FRA,BEL,Belgium,2014,1824457.365
FRA,BEL,Belgium,2015,1822268.478
FRA,BEL,Belgium,2016,1613144.887
FRA,BEL,Belgium,2017,1659780.544
FRA,BEL,Belgium,2018,1726655.961
FRA,BEL,Belgium,2019,2011876
FRA,BEL,Belgium,2020,997574
FRA,BEL,Belgium,2021,931019
FRA,DEU,Germany,2008,1103205.49
FRA,DEU,Germany,2009,1063087.13
FRA,DEU,Germany,2010,1120293.11
FRA,DEU,Germany,2011,1170365.41
FRA,DEU,Germany,2012,1249043.849
FRA,DEU,Germany,2013,1274422.828
FRA,DEU,Germany,2014,1428722.923
FRA,DEU,Germany,2015,1241476.12
FRA,DEU,Germany,2016,1308850.765
FRA,DEU,Germany,2017,1371509.877
FRA,DEU,Germany,2018,1471873.165
FRA,DEU,Germany,2019,1509369
FRA,DEU,Germany,2020,531665
FRA,DEU,Germany,2021,686007
FRA,GB,Great Britain,2008,1364397.15
FRA,GB,Great Britain,2009,1790124.836
FRA,GB,Great Britain,2010,1760967.301
FRA,GB,Great Britain,2011,1958658.657
FRA,GB,Great Britain,2012,1594803.069
FRA,GB,Great Britain,2013,1677742.632
FRA,GB,Great Britain,2014,1964500.869
FRA,GB,Great Britain,2015,1668035.751
FRA,GB,Great Britain,2016,1813451.262
FRA,GB,Great Britain,2017,1988930.449
FRA,GB,Great Britain,2018,1803960.402
FRA,GB,Great Britain,2019,2576722
FRA,GB,Great Britain,2020,595862
FRA,GB,Great Britain,2021,249966
FRA,ITA,Italy,2008,2714026.272
FRA,ITA,Italy,2009,2714026.272
FRA,ITA,Italy,2010,2714026.272
FRA,ITA,Italy,2011,2714026.272
FRA,ITA,Italy,2012,2505473.364
FRA,ITA,Italy,2013,2692525.034
FRA,ITA,Italy,2014,2948492.874
FRA,ITA,Italy,2015,3174681.915
FRA,ITA,Italy,2016,3027309.554
FRA,ITA,Italy,2017,3192248.16
FRA,ITA,Italy,2018,3311191.54
FRA,ITA,Italy,2019,3847364
FRA,ITA,Italy,2020,1148763
FRA,ITA,Italy,2021,1556118
FRA,ESP,Spain,2008,3729095.763
FRA,ESP,Spain,2009,3729095.763
FRA,ESP,Spain,2010,3729095.763
FRA,ESP,Spain,2011,3729095.763
FRA,ESP,Spain,2012,3795517.828
FRA,ESP,Spain,2013,3776019.547
FRA,ESP,Spain,2014,4182233.91
FRA,ESP,Spain,2015,4430195.456
FRA,ESP,Spain,2016,4205934.919
FRA,ESP,Spain,2017,4428815.576
FRA,ESP,Spain,2018,4526149.671
FRA,ESP,Spain,2019,6175196.701
FRA,ESP,Spain,2020,1651995.326
FRA,ESP,Spain,2021,2989853.249
GRC,AUT,Austria,2008,112655
GRC,AUT,Austria,2009,97175
GRC,AUT,Austria,2010,123234
GRC,AUT,Austria,2011,142895
GRC,AUT,Austria,2012,97809
GRC,AUT,Austria,2013,98024
GRC,AUT,Austria,2014,142440
GRC,AUT,Austria,2015,132464
GRC,AUT,Austria,2016,141353
GRC,AUT,Austria,2017,120727
GRC,AUT,Austria,2018,121037
GRC,AUT,Austria,2019,177789.381
GRC,AUT,Austria,2020,69796.519
GRC,AUT,Austria,2021,60649.738
GRC,FRA,France,2008,181615
GRC,FRA,France,2009,161844
GRC,FRA,France,2010,159251
GRC,FRA,France,2011,178962
GRC,FRA,France,2012,160304
GRC,FRA,France,2013,149622
GRC,FRA,France,2014,129863
GRC,FRA,France,2015,142085
GRC,FRA,France,2016,154771
GRC,FRA,France,2017,148088
GRC,FRA,France,2018,174947
GRC,FRA,France,2019,189161.606
GRC,FRA,France,2020,63503.05
GRC,FRA,France,2021,93193.647
GRC,DEU,Germany,2008,353769
GRC,DEU,Germany,2009,377137
GRC,DEU,Germany,2010,354327
GRC,DEU,Germany,2011,457559
GRC,DEU,Germany,2012,416847
GRC,DEU,Germany,2013,356938
GRC,DEU,Germany,2014,468852
GRC,DEU,Germany,2015,399964
GRC,DEU,Germany,2016,443904
GRC,DEU,Germany,2017,420761
GRC,DEU,Germany,2018,499629
GRC,DEU,Germany,2019,583697.386
GRC,DEU,Germany,2020,226763.149
GRC,DEU,Germany,2021,224810.516
GRC,ITA,Italy,2008,427569
GRC,ITA,Italy,2009,371753
GRC,ITA,Italy,2010,351982
GRC,ITA,Italy,2011,325496
GRC,ITA,Italy,2012,286179
GRC,ITA,Italy,2013,310207
GRC,ITA,Italy,2014,291976
GRC,ITA,Italy,2015,297234
GRC,ITA,Italy,2016,363858
GRC,ITA,Italy,2017,350823
GRC,ITA,Italy,2018,404968
GRC,ITA,Italy,2019,438340.414
GRC,ITA,Italy,2020,145695.305
GRC,ITA,Italy,2021,183591.797
GRC,GBR,United Kingdom,2008,238493
GRC,GBR,United Kingdom,2009,254976
GRC,GBR,United Kingdom,2010,231350
GRC,GBR,United Kingdom,2011,240765
GRC,GBR,United Kingdom,2012,276219
GRC,GBR,United Kingdom,2013,213489
GRC,GBR,United Kingdom,2014,271101
GRC,GBR,United Kingdom,2015,270348
GRC,GBR,United Kingdom,2016,290323
GRC,GBR,United Kingdom,2017,298320
GRC,GBR,United Kingdom,2018,329926
GRC,GBR,United Kingdom,2019,373135.58
GRC,GBR,United Kingdom,2020,111753.326
GRC,GBR,United Kingdom,2021,112461.231
ITA,FRA,France,2008,5067929.166
ITA,FRA,France,2009,5689354.694
ITA,FRA,France,2010,5632597.994
ITA,FRA,France,2011,5145001.551
ITA,FRA,France,2012,5428918.64
ITA,FRA,France,2013,4933798.63
ITA,FRA,France,2014,5411058.966
ITA,FRA,France,2015,5769223.109
ITA,FRA,France,2016,5532409.331
ITA,FRA,France,2017,5525259.621
ITA,FRA,France,2018,5786958.373
ITA,FRA,France,2019,5630597.991
ITA,FRA,France,2020,2522092.424
ITA,FRA,France,2021,2666681.637
ITA,DEU,Germany,2008,2518016.014
ITA,DEU,Germany,2009,2387724.304
ITA,DEU,Germany,2010,2509924.341
ITA,DEU,Germany,2011,2362004.894
ITA,DEU,Germany,2012,2455985.643
ITA,DEU,Germany,2013,2197680.349
ITA,DEU,Germany,2014,2286653.267
ITA,DEU,Germany,2015,2281269.894
ITA,DEU,Germany,2016,2587391.55
ITA,DEU,Germany,2017,2768985.929
ITA,DEU,Germany,2018,3048410.756
ITA,DEU,Germany,2019,3517046.208
ITA,DEU,Germany,2020,1396226.795
ITA,DEU,Germany,2021,1155023.628
ITA,ESP,Spain,2008,2320306.916
ITA,ESP,Spain,2009,2054756.685
ITA,ESP,Spain,2010,2551663.513
ITA,ESP,Spain,2011,2860127.315
ITA,ESP,Spain,2012,2523110.722
ITA,ESP,Spain,2013,2237948.73
ITA,ESP,Spain,2014,2365435.335
ITA,ESP,Spain,2015,2526077.262
ITA,ESP,Spain,2016,2702758.458
ITA,ESP,Spain,2017,3120435.612
ITA,ESP,Spain,2018,3566726.099
ITA,ESP,Spain,2019,3693688.429
ITA,ESP,Spain,2020,942639.255
ITA,ESP,Spain,2021,1648429.838
ITA,CHE,Switzerland,2008,1656491.786
ITA,CHE,Switzerland,2009,1617138.163
ITA,CHE,Switzerland,2010,1868876.824
ITA,CHE,Switzerland,2011,1825781.395
ITA,CHE,Switzerland,2012,1932831.011
ITA,CHE,Switzerland,2013,1651407.348
ITA,CHE,Switzerland,2014,1775916.037
ITA,CHE,Switzerland,2015,1643855.761
ITA,CHE,Switzerland,2016,1501698.073
ITA,CHE,Switzerland,2017,1564834.887
ITA,CHE,Switzerland,2018,1181984.911
ITA,CHE,Switzerland,2019,1192595.919
ITA,CHE,Switzerland,2020,596317.007
ITA,CHE,Switzerland,2021,526278.219
ITA,GBR,United Kingdom,2008,1280183.057
ITA,GBR,United Kingdom,2009,1375359.084
ITA,GBR,United Kingdom,2010,1220224.473
ITA,GBR,United Kingdom,2011,1378147.478
ITA,GBR,United Kingdom,2012,1475223.819
ITA,GBR,United Kingdom,2013,1476612.734
ITA,GBR,United Kingdom,2014,1458755.923
ITA,GBR,United Kingdom,2015,1525562.056
ITA,GBR,United Kingdom,2016,1777000.859
ITA,GBR,United Kingdom,2017,1738793.396
ITA,GBR,United Kingdom,2018,1787528.423
ITA,GBR,United Kingdom,2019,1823082.985
ITA,GBR,United Kingdom,2020,614033.481
ITA,GBR,United Kingdom,2021,258540.118
LUX,BEL,Belgium,2008,142301
LUX,BEL,Belgium,2009,181863
LUX,BEL,Belgium,2010,140431
LUX,BEL,Belgium,2011,183493
LUX,BEL,Belgium,2012,147830
LUX,BEL,Belgium,2013,154342
LUX,BEL,Belgium,2014,134815.247
LUX,BEL,Belgium,2015,106851.155
LUX,BEL,Belgium,2016,90530.139
LUX,BEL,Belgium,2017,180628
LUX,BEL,Belgium,2018,207875
LUX,BEL,Belgium,2019,217915
LUX,BEL,Belgium,2020,176695
LUX,BEL,Belgium,2021,196600
LUX,FRA,France,2008,342784
LUX,FRA,France,2009,385279
LUX,FRA,France,2010,346707
LUX,FRA,France,2011,363322
LUX,FRA,France,2012,362526
LUX,FRA,France,2013,384149
LUX,FRA,France,2014,322357.497
LUX,FRA,France,2015,305618.534
LUX,FRA,France,2016,255260.198
LUX,FRA,France,2017,465689
LUX,FRA,France,2018,489862
LUX,FRA,France,2019,493697
LUX,FRA,France,2020,378770
LUX,FRA,France,2021,471840
LUX,DEU,Germany,2008,261036
LUX,DEU,Germany,2009,288983
LUX,DEU,Germany,2010,287533
LUX,DEU,Germany,2011,301613
LUX,DEU,Germany,2012,255666
LUX,DEU,Germany,2013,272028
LUX,DEU,Germany,2014,271980.003
LUX,DEU,Germany,2015,271758.862
LUX,DEU,Germany,2016,253262.753
LUX,DEU,Germany,2017,326461
LUX,DEU,Germany,2018,330357
LUX,DEU,Germany,2019,373276
LUX,DEU,Germany,2020,200500
LUX,DEU,Germany,2021,196600
LUX,ITA,Italy,2008,102073
LUX,ITA,Italy,2009,122482
LUX,ITA,Italy,2010,99746
LUX,ITA,Italy,2011,104664
LUX,ITA,Italy,2012,114765
LUX,ITA,Italy,2013,97256
LUX,ITA,Italy,2014,107782.151
LUX,ITA,Italy,2015,93962.714
LUX,ITA,Italy,2016,107267.597
LUX,ITA,Italy,2017,175000
LUX,ITA,Italy,2018,232392
LUX,ITA,Italy,2019,211988
LUX,ITA,Italy,2020,100079
LUX,ITA,Italy,2021,137620
LUX,ESP,Spain,2008,99093
LUX,ESP,Spain,2009,98307
LUX,ESP,Spain,2010,92413
LUX,ESP,Spain,2011,98198
LUX,ESP,Spain,2012,112350
LUX,ESP,Spain,2013,102035
LUX,ESP,Spain,2014,128291.977
LUX,ESP,Spain,2015,112886.972
LUX,ESP,Spain,2016,119212.42
LUX,ESP,Spain,2017,177005
LUX,ESP,Spain,2018,174597
LUX,ESP,Spain,2019,181412
LUX,ESP,Spain,2020,90856
LUX,ESP,Spain,2021,157280
NLD,AUT,Austria,2008,1098000
NLD,AUT,Austria,2009,1202000
NLD,AUT,Austria,2010,1168000
NLD,AUT,Austria,2011,1176000
NLD,AUT,Austria,2012,1233000
NLD,AUT,Austria,2013,1178000
NLD,AUT,Austria,2014,1113000
NLD,AUT,Austria,2015,1157000
NLD,AUT,Austria,2016,1104000
NLD,AUT,Austria,2017,1126000
NLD,AUT,Austria,2018,1211000
NLD,AUT,Austria,2019,1299000
NLD,AUT,Austria,2020,1064000
NLD,AUT,Austria,2021,602000
NLD,BEL,Belgium,2008,1970000
NLD,BEL,Belgium,2009,1990000
NLD,BEL,Belgium,2010,1996000
NLD,BEL,Belgium,2011,1972000
NLD,BEL,Belgium,2012,1811000
NLD,BEL,Belgium,2013,1766000
NLD,BEL,Belgium,2014,1425000
NLD,BEL,Belgium,2015,1430000
NLD,BEL,Belgium,2016,1341000
NLD,BEL,Belgium,2017,1628000
NLD,BEL,Belgium,2018,1579000
NLD,BEL,Belgium,2019,1787000
NLD,BEL,Belgium,2020,1030000
NLD,BEL,Belgium,2021,1113000
NLD,FRA,France,2008,2904000
NLD,FRA,France,2009,2824000
NLD,FRA,France,2010,2856000
NLD,FRA,France,2011,2951000
NLD,FRA,France,2012,2798000
NLD,FRA,France,2013,2677000
NLD,FRA,France,2014,2606000
NLD,FRA,France,2015,2615000
NLD,FRA,France,2016,2550000
NLD,FRA,France,2017,2807000
NLD,FRA,France,2018,2876000
NLD,FRA,France,2019,2692000
NLD,FRA,France,2020,1517000
NLD,FRA,France,2021,2032000
NLD,DEU,Germany,2008,2996000
NLD,DEU,Germany,2009,3517000
NLD,DEU,Germany,2010,3233000
NLD,DEU,Germany,2011,3325000
NLD,DEU,Germany,2012,3400000
NLD,DEU,Germany,2013,3183000
NLD,DEU,Germany,2014,3377000
NLD,DEU,Germany,2015,3375000
NLD,DEU,Germany,2016,3519000
NLD,DEU,Germany,2017,3785000
NLD,DEU,Germany,2018,3789000
NLD,DEU,Germany,2019,3734000
NLD,DEU,Germany,2020,2570000
NLD,DEU,Germany,2021,1574000
NLD,ESP,Spain,2008,1847000
NLD,ESP,Spain,2009,1555000
NLD,ESP,Spain,2010,1572000
NLD,ESP,Spain,2011,1773000
NLD,ESP,Spain,2012,1796000
NLD,ESP,Spain,2013,1759000
NLD,ESP,Spain,2014,1856000
NLD,ESP,Spain,2015,1969000
NLD,ESP,Spain,2016,2177000
NLD,ESP,Spain,2017,2695000
NLD,ESP,Spain,2018,2621000
NLD,ESP,Spain,2019,2583000
NLD,ESP,Spain,2020,993000
NLD,ESP,Spain,2021,1096000
NZL,AUS,Australia,2008,949624
NZL,AUS,Australia,2009,944277
NZL,AUS,Australia,2010,976301
NZL,AUS,Australia,2011,974330
NZL,AUS,Australia,2012,989880
NZL,AUS,Australia,2013,1017540
NZL,AUS,Australia,2014,1091220
NZL,AUS,Australia,2015,1136900
NZL,AUS,Australia,2016,1176140
NZL,AUS,Australia,2017,1221760
NZL,AUS,Australia,2018,1205404
NZL,AUS,Australia,2019,1250418
NZL,FJI,Fiji,2008,99346
NZL,FJI,Fiji,2009,92283
NZL,FJI,Fiji,2010,96967
NZL,FJI,Fiji,2011,101457
NZL,FJI,Fiji,2012,104720
NZL,FJI,Fiji,2013,112260
NZL,FJI,Fiji,2014,130080
NZL,FJI,Fiji,2015,145980
NZL,FJI,Fiji,2016,159540
NZL,FJI,Fiji,2017,176395
NZL,FJI,Fiji,2018,191614
NZL,FJI,Fiji,2019,190543
NZL,CHN,China,2008,58885
NZL,CHN,China,2009,56289
NZL,CHN,China,2010,64304
NZL,CHN,China,2011,68242
NZL,CHN,China,2012,66040
NZL,CHN,China,2013,73340
NZL,CHN,China,2014,76860
NZL,CHN,China,2015,85980
NZL,CHN,China,2016,101180
NZL,CHN,China,2017,121080
NZL,CHN,China,2018,132416
NZL,CHN,China,2019,141571
NZL,GBR,United Kingdom,2008,93071
NZL,GBR,United Kingdom,2009,87397
NZL,GBR,United Kingdom,2010,92294
NZL,GBR,United Kingdom,2011,92891
NZL,GBR,United Kingdom,2012,95560
NZL,GBR,United Kingdom,2013,96680
NZL,GBR,United Kingdom,2014,101420
NZL,GBR,United Kingdom,2015,112140
NZL,GBR,United Kingdom,2016,110000
NZL,GBR,United Kingdom,2017,123140
NZL,GBR,United Kingdom,2018,124801
NZL,GBR,United Kingdom,2019,128943
NZL,USA,United States,2008,93319
NZL,USA,United States,2009,88050
NZL,USA,United States,2010,98920
NZL,USA,United States,2011,104359
NZL,USA,United States,2012,121620
NZL,USA,United States,2013,142200
NZL,USA,United States,2014,164760
NZL,USA,United States,2015,176980
NZL,USA,United States,2016,197000
NZL,USA,United States,2017,204160
NZL,USA,United States,2018,214943
NZL,USA,United States,2019,205552
ESP,PRT,Portugal,2008,1396541.181
ESP,PRT,Portugal,2009,1371442.377
ESP,PRT,Portugal,2010,1492908.819
ESP,PRT,Portugal,2011,1633718.669
ESP,PRT,Portugal,2012,1362530.053
ESP,PRT,Portugal,2013,1334691.164
ESP,PRT,Portugal,2014,1503014.125
ESP,PRT,Portugal,2015,1669746
ESP,PRT,Portugal,2016,1650105
ESP,PRT,Portugal,2017,2086134
ESP,PRT,Portugal,2018,2281792
ESP,PRT,Portugal,2019,2355460
ESP,PRT,Portugal,2020,796042
ESP,PRT,Portugal,2021,1066384
ESP,MAR,Morocco,2008,591525.182
ESP,MAR,Morocco,2009,809821.288
ESP,MAR,Morocco,2010,868997.316
ESP,MAR,Morocco,2011,821285.05
ESP,MAR,Morocco,2012,808931.26
ESP,MAR,Morocco,2013,835232.301
ESP,MAR,Morocco,2014,895237.813
ESP,MAR,Morocco,2015,577381
ESP,MAR,Morocco,2016,607677
ESP,MAR,Morocco,2017,751546
ESP,MAR,Morocco,2018,820407
ESP,MAR,Morocco,2019,831378
ESP,MAR,Morocco,2020,145478
ESP,MAR,Morocco,2021,204733
ESP,FRA,France,2008,2393511.341
ESP,FRA,France,2009,2375012.342
ESP,FRA,France,2010,2270324.694
ESP,FRA,France,2011,2423234.257
ESP,FRA,France,2012,2420997.715
ESP,FRA,France,2013,1868164.703
ESP,FRA,France,2014,2123701.196
ESP,FRA,France,2015,1835837
ESP,FRA,France,2016,2146534
ESP,FRA,France,2017,2461681
ESP,FRA,France,2018,2410440
ESP,FRA,France,2019,2559620
ESP,FRA,France,2020,690973
ESP,FRA,France,2021,1101690
ESP,ITA,Italy,2008,999145
ESP,ITA,Italy,2009,1123934.061
ESP,ITA,Italy,2010,1351102.712
ESP,ITA,Italy,2011,1515857.658
ESP,ITA,Italy,2012,1309747.052
ESP,ITA,Italy,2013,1106849.842
ESP,ITA,Italy,2014,1207276.313
ESP,ITA,Italy,2015,1262857
ESP,ITA,Italy,2016,1450755
ESP,ITA,Italy,2017,1291884
ESP,ITA,Italy,2018,1859573
ESP,ITA,Italy,2019,1894788
ESP,ITA,Italy,2020,328290
ESP,ITA,Italy,2021,761366
ESP,GBR,United Kingdom,2008,720471.286
ESP,GBR,United Kingdom,2009,857650.692
ESP,GBR,United Kingdom,2010,898547.088
ESP,GBR,United Kingdom,2011,1145977.442
ESP,GBR,United Kingdom,2012,900173.07
ESP,GBR,United Kingdom,2013,995140.313
ESP,GBR,United Kingdom,2014,992759.771
ESP,GBR,United Kingdom,2015,1188048
ESP,GBR,United Kingdom,2016,1299357
ESP,GBR,United Kingdom,2017,1388142
ESP,GBR,United Kingdom,2018,1465069
ESP,GBR,United Kingdom,2019,1487412
ESP,GBR,United Kingdom,2020,332393
ESP,GBR,United Kingdom,2021,217562
CHE,AUT,Austria,2008,825421.8
CHE,AUT,Austria,2009,942307.17
CHE,AUT,Austria,2010,762570.14
CHE,AUT,Austria,2011,839333.09
CHE,AUT,Austria,2012,949497.16
CHE,AUT,Austria,2013,980739.42
CHE,AUT,Austria,2014,1019018.4
CHE,AUT,Austria,2015,1090662.61
CHE,AUT,Austria,2016,960121.55
CHE,AUT,Austria,2017,1062012.23
CHE,AUT,Austria,2018,1078269.39
CHE,AUT,Austria,2019,939608.52
CHE,AUT,Austria,2020,628559.33
CHE,FRA,France,2008,1870208.76
CHE,FRA,France,2009,1763777.86
CHE,FRA,France,2010,1267016.44
CHE,FRA,France,2011,1625156.72
CHE,FRA,France,2012,2042210.7
CHE,FRA,France,2013,2247137.82
CHE,FRA,France,2014,2002936.55
CHE,FRA,France,2015,2244104.79
CHE,FRA,France,2016,1912558.97
CHE,FRA,France,2017,3213196.55
CHE,FRA,France,2018,2440975.88
CHE,FRA,France,2019,1884993.17
CHE,FRA,France,2020,1178253.28
CHE,DEU,Germany,2008,2775834.83
CHE,DEU,Germany,2009,2011384.16
CHE,DEU,Germany,2010,1911319.83
CHE,DEU,Germany,2011,1721683.98
CHE,DEU,Germany,2012,3052943.68
CHE,DEU,Germany,2013,2952072.48
CHE,DEU,Germany,2014,2638610.05
CHE,DEU,Germany,2015,2938768.82
CHE,DEU,Germany,2016,2979819.25
CHE,DEU,Germany,2017,2765580.75
CHE,DEU,Germany,2018,3134835.17
CHE,DEU,Germany,2019,2815718.61
CHE,DEU,Germany,2020,1474242.31
CHE,ITA,Italy,2008,1690789.41
CHE,ITA,Italy,2009,1737708.41
CHE,ITA,Italy,2010,2059734.18
CHE,ITA,Italy,2011,1904691.56
CHE,ITA,Italy,2012,2091157.02
CHE,ITA,Italy,2013,1950528.22
CHE,ITA,Italy,2014,2556547.16
CHE,ITA,Italy,2015,2807996.81
CHE,ITA,Italy,2016,2729937.69
CHE,ITA,Italy,2017,2868275.63
CHE,ITA,Italy,2018,2964077.76
CHE,ITA,Italy,2019,2594061.82
CHE,ITA,Italy,2020,1487177.63
BRA,ARG,Argentina,2008,873794
BRA,ARG,Argentina,2009,718203
BRA,ARG,Argentina,2010,1196832
BRA,ARG,Argentina,2011,1282374
BRA,ARG,Argentina,2012,1217374
BRA,ARG,Argentina,2013,972594
BRA,ARG,Argentina,2014,1081838
BRA,ARG,Argentina,2015,962610
BRA,ARG,Argentina,2016,1084181
BRA,ARG,Argentina,2017,1246552
BRA,ARG,Argentina,2018,946776
BRA,PRT,Portugal,2008,306228
BRA,PRT,Portugal,2009,268913
BRA,PRT,Portugal,2010,363871
BRA,PRT,Portugal,2011,440787
BRA,PRT,Portugal,2012,479115
BRA,PRT,Portugal,2013,504473
BRA,PRT,Portugal,2014,561564
BRA,PRT,Portugal,2015,605353
BRA,PRT,Portugal,2016,689801
BRA,PRT,Portugal,2017,980806
BRA,PRT,Portugal,2018,1116799
BRA,ESP,Spain,2008,226111
BRA,ESP,Spain,2009,227731
BRA,ESP,Spain,2010,241214
BRA,ESP,Spain,2011,369909
BRA,ESP,Spain,2012,410182
BRA,ESP,Spain,2013,392231
BRA,ESP,Spain,2014,440781
BRA,ESP,Spain,2015,455868
BRA,ESP,Spain,2016,372759
BRA,ESP,Spain,2017,467508.441
BRA,ESP,Spain,2018,558674
BRA,USA,United States,2008,769232
BRA,USA,United States,2009,892611
BRA,USA,United States,2010,1197866
BRA,USA,United States,2011,1508279
BRA,USA,United States,2012,1791103
BRA,USA,United States,2013,2060291
BRA,USA,United States,2014,2263996
BRA,USA,United States,2015,2228291
BRA,USA,United States,2016,1725479
BRA,USA,United States,2017,1912447
BRA,USA,United States,2018,2209372
BRA,URY,Uruguay,2008,300791
BRA,URY,Uruguay,2009,263414
BRA,URY,Uruguay,2010,376894
BRA,URY,Uruguay,2011,426315
BRA,URY,Uruguay,2012,396828
BRA,URY,Uruguay,2013,392992
BRA,URY,Uruguay,2014,461675
BRA,URY,Uruguay,2015,429098
BRA,URY,Uruguay,2016,432442
BRA,URY,Uruguay,2017,504488
BRA,URY,Uruguay,2018,466673
BGR,MKD,Former Yugoslav Republic of Macedonia,2008,346384
BGR,MKD,Former Yugoslav Republic of Macedonia,2009,324993
BGR,MKD,Former Yugoslav Republic of Macedonia,2010,293467
BGR,MKD,Former Yugoslav Republic of Macedonia,2011,305536
BGR,MKD,Former Yugoslav Republic of Macedonia,2012,362021
BGR,MKD,Former Yugoslav Republic of Macedonia,2013,315604
BGR,MKD,Former Yugoslav Republic of Macedonia,2014,327033
BGR,MKD,Former Yugoslav Republic of Macedonia,2015,316094
BGR,MKD,Former Yugoslav Republic of Macedonia,2016,360422
BGR,MKD,Former Yugoslav Republic of Macedonia,2017,396450
BGR,MKD,Former Yugoslav Republic of Macedonia,2018,416448
BGR,MKD,Former Yugoslav Republic of Macedonia,2019,429329
BGR,GRC,Greece,2008,1709510
BGR,GRC,Greece,2009,1583369
BGR,GRC,Greece,2010,899357
BGR,GRC,Greece,2011,1000660
BGR,GRC,Greece,2012,789842
BGR,GRC,Greece,2013,828929
BGR,GRC,Greece,2014,866609
BGR,GRC,Greece,2015,1043078
BGR,GRC,Greece,2016,1200576
BGR,GRC,Greece,2017,1341192
BGR,GRC,Greece,2018,1402560
BGR,GRC,Greece,2019,1461096
BGR,ROU,Romania,2008,481564
BGR,ROU,Romania,2009,445447
BGR,ROU,Romania,2010,288187
BGR,ROU,Romania,2011,327603
BGR,ROU,Romania,2012,318112
BGR,ROU,Romania,2013,308306
BGR,ROU,Romania,2014,321546
BGR,ROU,Romania,2015,332848
BGR,ROU,Romania,2016,423396
BGR,ROU,Romania,2017,480980
BGR,ROU,Romania,2018,523058
BGR,ROU,Romania,2019,554070
BGR,SRB,Serbia,2008,485310
BGR,SRB,Serbia,2009,388990
BGR,SRB,Serbia,2010,294666
BGR,SRB,Serbia,2011,295135
BGR,SRB,Serbia,2012,301623
BGR,SRB,Serbia,2013,300299
BGR,SRB,Serbia,2014,316146
BGR,SRB,Serbia,2015,315261
BGR,SRB,Serbia,2016,404975
BGR,SRB,Serbia,2017,462953
BGR,SRB,Serbia,2018,493950
BGR,SRB,Serbia,2019,514959
BGR,TUR,T¨¹rkiye,2008,1227189
BGR,TUR,T¨¹rkiye,2009,1266732
BGR,TUR,T¨¹rkiye,2010,1226543
BGR,TUR,T¨¹rkiye,2011,1178547
BGR,TUR,T¨¹rkiye,2012,1091214
BGR,TUR,T¨¹rkiye,2013,1060847
BGR,TUR,T¨¹rkiye,2014,1106913
BGR,TUR,T¨¹rkiye,2015,1241733
BGR,TUR,T¨¹rkiye,2016,1218842
BGR,TUR,T¨¹rkiye,2017,1311252
BGR,TUR,T¨¹rkiye,2018,1515894
BGR,TUR,T¨¹rkiye,2019,1621597
CHL,ARG,Argentina,2008,976856.536
CHL,ARG,Argentina,2009,870489
CHL,ARG,Argentina,2010,1086012
CHL,ARG,Argentina,2011,1136946.745
CHL,ARG,Argentina,2012,1180487.4
CHL,ARG,Argentina,2013,1224727.093
CHL,ARG,Argentina,2014,1275484.29
CHL,ARG,Argentina,2015,1269260.201
CHL,ARG,Argentina,2016,1271230.145
CHL,ARG,Argentina,2017,1013671.104
CHL,ARG,Argentina,2018,1122736.627
CHL,ARG,Argentina,2019,995971.985
CHL,BRA,Brazil,2008,115710.321
CHL,BRA,Brazil,2009,105001
CHL,BRA,Brazil,2010,125823
CHL,BRA,Brazil,2011,155853.274
CHL,BRA,Brazil,2012,169107.973
CHL,BRA,Brazil,2013,176309.025
CHL,BRA,Brazil,2014,197448.403
CHL,BRA,Brazil,2015,201985.132
CHL,BRA,Brazil,2016,224087.914
CHL,BRA,Brazil,2017,247995.049
CHL,BRA,Brazil,2018,301110.407
CHL,BRA,Brazil,2019,283549.901
CHL,PER,Peru,2008,440832.844
CHL,PER,Peru,2009,456552
CHL,PER,Peru,2010,539225
CHL,PER,Peru,2011,727119.224
CHL,PER,Peru,2012,785446.599
CHL,PER,Peru,2013,860530.299
CHL,PER,Peru,2014,858391.439
CHL,PER,Peru,2015,918877.222
CHL,PER,Peru,2016,915480.696
CHL,PER,Peru,2017,1099701.996
CHL,PER,Peru,2018,1054955.984
CHL,PER,Peru,2019,1018134.597
CHL,ESP,Spain,2008,44796.529
CHL,ESP,Spain,2009,75302
CHL,ESP,Spain,2010,43298
CHL,ESP,Spain,2011,56076.216
CHL,ESP,Spain,2012,45907.844
CHL,ESP,Spain,2013,42174.545
CHL,ESP,Spain,2014,53517.896
CHL,ESP,Spain,2015,65055.941
CHL,ESP,Spain,2016,90411.421
CHL,ESP,Spain,2017,80896.69
CHL,ESP,Spain,2018,81632.743
CHL,USA,United States,2008,108914.092
CHL,USA,United States,2009,127391
CHL,USA,United States,2010,148601
CHL,USA,United States,2011,168969.12
CHL,USA,United States,2012,181557.398
CHL,USA,United States,2013,197605.144
CHL,USA,United States,2014,225409.134
CHL,USA,United States,2015,259359.625
CHL,USA,United States,2016,299385.713
CHL,USA,United States,2017,292281.516
CHL,USA,United States,2018,305506.88
CHL,USA,United States,2019,294531.246
COL,ECU,Ecuador,2008,183053
COL,ECU,Ecuador,2009,182207
COL,ECU,Ecuador,2010,225014
COL,ECU,Ecuador,2011,231389
COL,ECU,Ecuador,2012,320638
COL,ECU,Ecuador,2013,319965
COL,ECU,Ecuador,2014,347550
COL,ECU,Ecuador,2015,319991
COL,ECU,Ecuador,2016,286428
COL,ECU,Ecuador,2017,300540
COL,ECU,Ecuador,2018,299704
COL,ECU,Ecuador,2019,285452
COL,ECU,Ecuador,2020,77575
COL,ECU,Ecuador,2021,38909
COL,PAN,Panama,2008,237488
COL,PAN,Panama,2009,239260
COL,PAN,Panama,2010,282778
COL,PAN,Panama,2011,318076
COL,PAN,Panama,2012,347121
COL,PAN,Panama,2013,341728
COL,PAN,Panama,2014,416290
COL,PAN,Panama,2015,406628
COL,PAN,Panama,2016,408681
COL,PAN,Panama,2017,424053
COL,PAN,Panama,2018,403586
COL,PAN,Panama,2019,396106
COL,PAN,Panama,2020,103159
COL,PAN,Panama,2021,106963
COL,VEN,Venezuela,2008,279873
COL,VEN,Venezuela,2009,229382
COL,VEN,Venezuela,2010,150240
COL,VEN,Venezuela,2011,170979
COL,VEN,Venezuela,2012,475007
COL,VEN,Venezuela,2013,606851
COL,VEN,Venezuela,2014,522562
COL,VEN,Venezuela,2015,371521
COL,VEN,Venezuela,2016,109593
COL,VEN,Venezuela,2017,174332
COL,VEN,Venezuela,2018,164555
COL,VEN,Venezuela,2019,92886
COL,VEN,Venezuela,2020,21042
COL,VEN,Venezuela,2021,6877
COL,ESP,Spain,2008,167658
COL,ESP,Spain,2009,177135
COL,ESP,Spain,2010,183783
COL,ESP,Spain,2011,198868
COL,ESP,Spain,2012,187469
COL,ESP,Spain,2013,190281
COL,ESP,Spain,2014,196309
COL,ESP,Spain,2015,221086
COL,ESP,Spain,2016,318560
COL,ESP,Spain,2017,361638
COL,ESP,Spain,2018,426751
COL,ESP,Spain,2019,488947
COL,ESP,Spain,2020,105071
COL,ESP,Spain,2021,143343
COL,USA,United States,2008,680833
COL,USA,United States,2009,765502
COL,USA,United States,2010,882878
COL,USA,United States,2011,874356
COL,USA,United States,2012,979230
COL,USA,United States,2013,1120535
COL,USA,United States,2014,1234907
COL,USA,United States,2015,1256053
COL,USA,United States,2016,1290620
COL,USA,United States,2017,1241956
COL,USA,United States,2018,1383457
COL,USA,United States,2019,1409771
COL,USA,United States,2020,484889
COL,USA,United States,2021,1251693
HRV,AUT,Austria,2011,304000
HRV,AUT,Austria,2012,277000
HRV,AUT,Austria,2013,248000
HRV,AUT,Austria,2014,304000
HRV,AUT,Austria,2015,258000
HRV,AUT,Austria,2016,169000
HRV,AUT,Austria,2017,213000
HRV,AUT,Austria,2018,166000
HRV,AUT,Austria,2019,197000
HRV,AUT,Austria,2020,63447
HRV,AUT,Austria,2021,36388.91
HRV,BIH,Bosnia and Herzegovina,2011,676000
HRV,BIH,Bosnia and Herzegovina,2012,643000
HRV,BIH,Bosnia and Herzegovina,2013,627000
HRV,BIH,Bosnia and Herzegovina,2014,523000
HRV,BIH,Bosnia and Herzegovina,2015,404000
HRV,BIH,Bosnia and Herzegovina,2016,283000
HRV,BIH,Bosnia and Herzegovina,2017,325000
HRV,BIH,Bosnia and Herzegovina,2018,390000
HRV,BIH,Bosnia and Herzegovina,2019,455000
HRV,BIH,Bosnia and Herzegovina,2020,122048
HRV,BIH,Bosnia and Herzegovina,2021,213777.31
HRV,DEU,Germany,2011,279000
HRV,DEU,Germany,2012,291000
HRV,DEU,Germany,2013,333000
HRV,DEU,Germany,2014,308000
HRV,DEU,Germany,2015,261000
HRV,DEU,Germany,2016,278000
HRV,DEU,Germany,2017,211000
HRV,DEU,Germany,2018,326000
HRV,DEU,Germany,2019,303000
HRV,DEU,Germany,2020,85994
HRV,DEU,Germany,2021,87461.89
HRV,ITA,Italy,2011,283000
HRV,ITA,Italy,2012,271000
HRV,ITA,Italy,2013,289000
HRV,ITA,Italy,2014,257000
HRV,ITA,Italy,2015,452000
HRV,ITA,Italy,2016,203000
HRV,ITA,Italy,2017,210000
HRV,ITA,Italy,2018,213000
HRV,ITA,Italy,2019,238000
HRV,ITA,Italy,2020,26685
HRV,ITA,Italy,2021,40480.45
HRV,SRB,Serbia,2011,169000
HRV,SRB,Serbia,2012,152000
HRV,SRB,Serbia,2013,208000
HRV,SRB,Serbia,2014,156000
HRV,SRB,Serbia,2015,144000
HRV,SRB,Serbia,2016,76000
HRV,SRB,Serbia,2017,124000
HRV,SRB,Serbia,2018,127000
HRV,SRB,Serbia,2019,164000
HRV,SRB,Serbia,2020,25052
HRV,SRB,Serbia,2021,29766.24
HRV,SVN,Slovenia,2011,313000
HRV,SVN,Slovenia,2012,268000
HRV,SVN,Slovenia,2013,200000
HRV,SVN,Slovenia,2014,314000
HRV,SVN,Slovenia,2015,183000
HRV,SVN,Slovenia,2016,144000
HRV,SVN,Slovenia,2017,165000
HRV,SVN,Slovenia,2018,171000
HRV,SVN,Slovenia,2019,190000
HRV,SVN,Slovenia,2020,56801
HRV,SVN,Slovenia,2021,62547.98
EST,FIN,Finland,2008,552988
EST,FIN,Finland,2009,543096
EST,FIN,Finland,2010,584577
EST,FIN,Finland,2011,600743
EST,FIN,Finland,2012,610176
EST,FIN,Finland,2013,589891
EST,FIN,Finland,2014,590966
EST,FIN,Finland,2015,565753
EST,FIN,Finland,2016,566310
EST,FIN,Finland,2017,561124
EST,FIN,Finland,2018,519780
EST,FIN,Finland,2019,512905
EST,FIN,Finland,2020,272582
EST,FIN,Finland,2021,213991
EST,DEU,Germany,2008,176771
EST,DEU,Germany,2009,154632
EST,DEU,Germany,2010,158894
EST,DEU,Germany,2011,181853
EST,DEU,Germany,2012,187452
EST,DEU,Germany,2013,200078
EST,DEU,Germany,2014,204206
EST,DEU,Germany,2015,222834
EST,DEU,Germany,2016,217162
EST,DEU,Germany,2017,230093
EST,DEU,Germany,2018,213137
EST,DEU,Germany,2019,212877
EST,DEU,Germany,2020,86572
EST,DEU,Germany,2021,73540
EST,LVA,Latvia,2008,261903
EST,LVA,Latvia,2009,253804
EST,LVA,Latvia,2010,254544
EST,LVA,Latvia,2011,271058
EST,LVA,Latvia,2012,284464
EST,LVA,Latvia,2013,314762
EST,LVA,Latvia,2014,341548
EST,LVA,Latvia,2015,357959
EST,LVA,Latvia,2016,341293
EST,LVA,Latvia,2017,351436
EST,LVA,Latvia,2018,301194
EST,LVA,Latvia,2019,287756
EST,LVA,Latvia,2020,200142
EST,LVA,Latvia,2021,81257
EST,RUS,Russian Federation,2008,134997
EST,RUS,Russian Federation,2009,145683
EST,RUS,Russian Federation,2010,141518
EST,RUS,Russian Federation,2011,154228
EST,RUS,Russian Federation,2012,175169
EST,RUS,Russian Federation,2013,195594
EST,RUS,Russian Federation,2014,206773
EST,RUS,Russian Federation,2015,213538
EST,RUS,Russian Federation,2016,214985
EST,RUS,Russian Federation,2017,219689
EST,RUS,Russian Federation,2018,254581
EST,RUS,Russian Federation,2019,268110
EST,RUS,Russian Federation,2020,55839
EST,RUS,Russian Federation,2021,54446
EST,SWE,Sweden,2008,213956
EST,SWE,Sweden,2009,202968
EST,SWE,Sweden,2010,191860
EST,SWE,Sweden,2011,203618
EST,SWE,Sweden,2012,204783
EST,SWE,Sweden,2013,203230
EST,SWE,Sweden,2014,216664
EST,SWE,Sweden,2015,217123
EST,SWE,Sweden,2016,235667
EST,SWE,Sweden,2017,240447
EST,SWE,Sweden,2018,218809
EST,SWE,Sweden,2019,214791
EST,SWE,Sweden,2020,73769
EST,SWE,Sweden,2021,74568
LVA,EST,Estonia,2012,140983
LVA,EST,Estonia,2013,158076
LVA,EST,Estonia,2014,95076
LVA,EST,Estonia,2015,168417
LVA,EST,Estonia,2016,209976
LVA,EST,Estonia,2017,173381
LVA,EST,Estonia,2018,206320
LVA,EST,Estonia,2019,161334
LVA,EST,Estonia,2020,89670
LVA,EST,Estonia,2021,83058
LVA,DEU,Germany,2008,319037
LVA,DEU,Germany,2009,254307
LVA,DEU,Germany,2010,233442
LVA,DEU,Germany,2011,230938
LVA,DEU,Germany,2012,134726
LVA,DEU,Germany,2013,94248
LVA,DEU,Germany,2014,94904
LVA,DEU,Germany,2015,71338
LVA,DEU,Germany,2016,84006
LVA,DEU,Germany,2017,147843
LVA,DEU,Germany,2018,79511
LVA,DEU,Germany,2019,97817
LVA,DEU,Germany,2020,47711
LVA,DEU,Germany,2021,26720
LVA,LTU,Lithuania,2008,234533
LVA,LTU,Lithuania,2009,196251
LVA,LTU,Lithuania,2010,194708
LVA,LTU,Lithuania,2011,202978
LVA,LTU,Lithuania,2012,152406
LVA,LTU,Lithuania,2013,123065
LVA,LTU,Lithuania,2014,133856
LVA,LTU,Lithuania,2015,171482
LVA,LTU,Lithuania,2016,212525
LVA,LTU,Lithuania,2017,153700
LVA,LTU,Lithuania,2018,156905
LVA,LTU,Lithuania,2019,166138
LVA,LTU,Lithuania,2020,54085
LVA,LTU,Lithuania,2021,30568
LVA,POL,Poland,2008,102057
LVA,POL,Poland,2009,87010
LVA,POL,Poland,2010,105769
LVA,POL,Poland,2011,103911
LVA,RUS,Russian Federation,2008,154937
LVA,RUS,Russian Federation,2009,162641
LVA,RUS,Russian Federation,2010,175628
LVA,RUS,Russian Federation,2011,186716
LVA,RUS,Russian Federation,2012,130706
LVA,RUS,Russian Federation,2013,161887
LVA,RUS,Russian Federation,2014,138027
LVA,RUS,Russian Federation,2015,120917
LVA,RUS,Russian Federation,2016,122102
LVA,RUS,Russian Federation,2017,84890
LVA,RUS,Russian Federation,2018,117381
LVA,RUS,Russian Federation,2019,102450
LVA,SWE,Sweden,2008,145924
LVA,SWE,Sweden,2009,172732
LVA,SWE,Sweden,2010,179687
LVA,SWE,Sweden,2011,186514
LVA,SWE,Sweden,2012,116076
LVA,SWE,Sweden,2013,97725
LVA,SWE,Sweden,2014,86209
LVA,SWE,Sweden,2015,74923
LVA,SWE,Sweden,2016,64831
LVA,SWE,Sweden,2017,79646
LVA,SWE,Sweden,2018,99879
LVA,SWE,Sweden,2019,100268
LVA,SWE,Sweden,2021,30036
LTU,BLR,Belarus,2008,136700
LTU,BLR,Belarus,2009,104400
LTU,BLR,Belarus,2010,122300
LTU,BLR,Belarus,2011,116500
LTU,BLR,Belarus,2012,112000
LTU,BLR,Belarus,2013,121300
LTU,BLR,Belarus,2014,116600
LTU,BLR,Belarus,2015,106200
LTU,BLR,Belarus,2016,109900
LTU,BLR,Belarus,2017,123000
LTU,BLR,Belarus,2018,131600
LTU,BLR,Belarus,2019,146000
LTU,BLR,Belarus,2020,57800
LTU,DEU,Germany,2008,136700
LTU,DEU,Germany,2009,104400
LTU,DEU,Germany,2010,122300
LTU,DEU,Germany,2011,116500
LTU,DEU,Germany,2012,112000
LTU,DEU,Germany,2013,121300
LTU,DEU,Germany,2014,116600
LTU,DEU,Germany,2015,106200
LTU,DEU,Germany,2016,109900
LTU,DEU,Germany,2017,123000
LTU,DEU,Germany,2018,131600
LTU,DEU,Germany,2019,146000
LTU,DEU,Germany,2020,57800
LTU,DEU,Germany,2021,54200
LTU,LVA,Latvia,2008,202200
LTU,LVA,Latvia,2009,160600
LTU,LVA,Latvia,2010,164300
LTU,LVA,Latvia,2011,191300
LTU,LVA,Latvia,2012,214400
LTU,LVA,Latvia,2013,228500
LTU,LVA,Latvia,2014,232000
LTU,LVA,Latvia,2015,221400
LTU,LVA,Latvia,2016,226400
LTU,LVA,Latvia,2017,233200
LTU,LVA,Latvia,2018,250400
LTU,LVA,Latvia,2019,260100
LTU,LVA,Latvia,2020,117500
LTU,LVA,Latvia,2021,110800
LTU,POL,Poland,2008,132900
LTU,POL,Poland,2009,125900
LTU,POL,Poland,2010,125900
LTU,POL,Poland,2011,145000
LTU,POL,Poland,2012,154400
LTU,POL,Poland,2013,149100
LTU,POL,Poland,2014,139900
LTU,POL,Poland,2015,149200
LTU,POL,Poland,2016,150100
LTU,POL,Poland,2017,160400
LTU,POL,Poland,2018,169000
LTU,POL,Poland,2019,177900
LTU,POL,Poland,2020,60600
LTU,POL,Poland,2021,89300
LTU,GBR,United Kingdom,2008,129000
LTU,GBR,United Kingdom,2009,91400
LTU,GBR,United Kingdom,2010,106300
LTU,GBR,United Kingdom,2011,149300
LTU,GBR,United Kingdom,2012,209800
LTU,GBR,United Kingdom,2013,229000
LTU,GBR,United Kingdom,2014,205000
LTU,GBR,United Kingdom,2015,213100
LTU,GBR,United Kingdom,2016,210800
LTU,GBR,United Kingdom,2017,212700
LTU,GBR,United Kingdom,2018,215000
LTU,GBR,United Kingdom,2019,217100
LTU,GBR,United Kingdom,2020,57000
LTU,GBR,United Kingdom,2021,45000
MLT,FRA,France,2008,16962.454
MLT,FRA,France,2009,13427.481
MLT,FRA,France,2010,18102.103
MLT,FRA,France,2011,14056.555
MLT,FRA,France,2012,16668.106
MLT,FRA,France,2013,17373.988
MLT,FRA,France,2014,21853.342
MLT,FRA,France,2015,20945.997
MLT,FRA,France,2016,17006.282
MLT,FRA,France,2017,21510.166
MLT,FRA,France,2018,28455.472
MLT,FRA,France,2019,28060.519
MLT,FRA,France,2020,7680.112
MLT,FRA,France,2021,12355.806
MLT,DEU,Germany,2008,16093.829
MLT,DEU,Germany,2009,15225.884
MLT,DEU,Germany,2010,16041.02
MLT,DEU,Germany,2011,17333.743
MLT,DEU,Germany,2012,18697.611
MLT,DEU,Germany,2013,18824.656
MLT,DEU,Germany,2014,21928.717
MLT,DEU,Germany,2015,23865.519
MLT,DEU,Germany,2016,32301.953
MLT,DEU,Germany,2017,38431.895
MLT,DEU,Germany,2018,42121.335
MLT,DEU,Germany,2019,37720.531
MLT,DEU,Germany,2020,11251.964
MLT,DEU,Germany,2021,10958.683
MLT,ITA,Italy,2008,61872.017
MLT,ITA,Italy,2009,61674.267
MLT,ITA,Italy,2010,77785.602
MLT,ITA,Italy,2011,90946.797
MLT,ITA,Italy,2012,97713.16
MLT,ITA,Italy,2013,109412.972
MLT,ITA,Italy,2014,122677.978
MLT,ITA,Italy,2015,136648.275
MLT,ITA,Italy,2016,165555.534
MLT,ITA,Italy,2017,181053.413
MLT,ITA,Italy,2018,212219.473
MLT,ITA,Italy,2019,214152.414
MLT,ITA,Italy,2020,67345.887
MLT,ITA,Italy,2021,118681.638
MLT,ESP,Spain,2008,15289.366
MLT,ESP,Spain,2009,12428.748
MLT,ESP,Spain,2010,15280.726
MLT,ESP,Spain,2011,18889.343
MLT,ESP,Spain,2012,19241.891
MLT,ESP,Spain,2013,19998.665
MLT,ESP,Spain,2014,17895.417
MLT,ESP,Spain,2015,19407.859
MLT,ESP,Spain,2016,23066.616
MLT,ESP,Spain,2017,27905.541
MLT,ESP,Spain,2018,37560.137
MLT,ESP,Spain,2019,44916.378
MLT,ESP,Spain,2020,10005.519
MLT,ESP,Spain,2021,20532.265
MLT,GBR,United Kingdom,2008,67496.538
MLT,GBR,United Kingdom,2009,73760.055
MLT,GBR,United Kingdom,2010,74994.758
MLT,GBR,United Kingdom,2011,80725.468
MLT,GBR,United Kingdom,2012,78260.998
MLT,GBR,United Kingdom,2013,89481.787
MLT,GBR,United Kingdom,2014,91821.625
MLT,GBR,United Kingdom,2015,89266.383
MLT,GBR,United Kingdom,2016,96154.106
MLT,GBR,United Kingdom,2017,105812.485
MLT,GBR,United Kingdom,2018,118712.233
MLT,GBR,United Kingdom,2019,126376.486
MLT,GBR,United Kingdom,2020,29070.288
MLT,GBR,United Kingdom,2021,26433.388
SVN,AUT,Austria,2008,177000
SVN,AUT,Austria,2009,148000
SVN,AUT,Austria,2010,150000
SVN,AUT,Austria,2011,152000
SVN,AUT,Austria,2012,132000
SVN,AUT,Austria,2013,203000
SVN,AUT,Austria,2014,162000
SVN,AUT,Austria,2015,189000
SVN,AUT,Austria,2016,149000
SVN,AUT,Austria,2017,171000
SVN,AUT,Austria,2018,204000
SVN,AUT,Austria,2019,189000
SVN,AUT,Austria,2020,50000
SVN,AUT,Austria,2021,79000
SVN,BIH,Bosnia and Herzegovina,2008,152000
SVN,BIH,Bosnia and Herzegovina,2009,140000
SVN,BIH,Bosnia and Herzegovina,2010,144000
SVN,BIH,Bosnia and Herzegovina,2011,105000
SVN,BIH,Bosnia and Herzegovina,2012,128000
SVN,BIH,Bosnia and Herzegovina,2013,143000
SVN,BIH,Bosnia and Herzegovina,2014,129000
SVN,BIH,Bosnia and Herzegovina,2015,132000
SVN,BIH,Bosnia and Herzegovina,2016,117000
SVN,BIH,Bosnia and Herzegovina,2017,142000
SVN,BIH,Bosnia and Herzegovina,2018,142000
SVN,BIH,Bosnia and Herzegovina,2019,200000
SVN,BIH,Bosnia and Herzegovina,2021,183000
SVN,HRV,Croatia,2008,1125000
SVN,HRV,Croatia,2009,1251000
SVN,HRV,Croatia,2010,1545000
SVN,HRV,Croatia,2011,1549000
SVN,HRV,Croatia,2012,1351000
SVN,HRV,Croatia,2013,1449000
SVN,HRV,Croatia,2014,1494000
SVN,HRV,Croatia,2015,1614000
SVN,HRV,Croatia,2016,1660000
SVN,HRV,Croatia,2017,1680000
SVN,HRV,Croatia,2018,1732000
SVN,HRV,Croatia,2019,1572000
SVN,HRV,Croatia,2020,817000
SVN,HRV,Croatia,2021,1270000
SVN,DEU,Germany,2008,144000
SVN,DEU,Germany,2009,136000
SVN,DEU,Germany,2010,127000
SVN,DEU,Germany,2011,115000
SVN,DEU,Germany,2012,121000
SVN,DEU,Germany,2013,91000
SVN,DEU,Germany,2014,117000
SVN,DEU,Germany,2015,109000
SVN,DEU,Germany,2016,103000
SVN,DEU,Germany,2017,168000
SVN,DEU,Germany,2018,191000
SVN,DEU,Germany,2019,140000
SVN,DEU,Germany,2021,60000
SVN,ITA,Italy,2008,206000
SVN,ITA,Italy,2009,216000
SVN,ITA,Italy,2010,195000
SVN,ITA,Italy,2011,158000
SVN,ITA,Italy,2012,152000
SVN,ITA,Italy,2013,170000
SVN,ITA,Italy,2014,157000
SVN,ITA,Italy,2015,217000
SVN,ITA,Italy,2016,152000
SVN,ITA,Italy,2017,208000
SVN,ITA,Italy,2018,236000
SVN,ITA,Italy,2019,289000
SVN,ITA,Italy,2020,87000
SVN,ITA,Italy,2021,120000
SVN,SRB,Serbia,2008,79000
SVN,SRB,Serbia,2009,107000
SVN,SRB,Serbia,2010,97000
SVN,SRB,Serbia,2011,84000
SVN,SRB,Serbia,2012,79000
SVN,SRB,Serbia,2013,86000
SVN,SRB,Serbia,2014,75000
SVN,SRB,Serbia,2015,71000
SVN,SRB,Serbia,2016,89000
SVN,SRB,Serbia,2017,93000
SVN,SRB,Serbia,2018,86000
SVN,SRB,Serbia,2019,83000
SVN,SRB,Serbia,2021,49000
FRA,PRT,Portugal,2014,1139737.685
FRA,PRT,Portugal,2015,1243114.774
FRA,PRT,Portugal,2016,1397158.856
FRA,PRT,Portugal,2017,1554832.457
FRA,PRT,Portugal,2018,1626671.741
FRA,PRT,Portugal,2019,1906210
FRA,PRT,Portugal,2020,641723
FRA,PRT,Portugal,2021,875964
GRC,BGR,Bulgaria,2008,397459
GRC,BGR,Bulgaria,2009,365940
GRC,BGR,Bulgaria,2010,357310
GRC,BGR,Bulgaria,2011,636568
GRC,BGR,Bulgaria,2012,509286
GRC,BGR,Bulgaria,2013,535548
GRC,BGR,Bulgaria,2014,750622
GRC,BGR,Bulgaria,2015,1109063
GRC,BGR,Bulgaria,2016,1556803
GRC,BGR,Bulgaria,2017,2186156
GRC,BGR,Bulgaria,2018,2370920
GRC,BGR,Bulgaria,2019,1915673.616
GRC,BGR,Bulgaria,2020,616792.244
GRC,BGR,Bulgaria,2021,212172.156
GRC,MKD,Former Yugoslav Republic of Macedonia,2010,485867
GRC,MKD,Former Yugoslav Republic of Macedonia,2011,1253900
GRC,MKD,Former Yugoslav Republic of Macedonia,2012,1185490
GRC,MKD,Former Yugoslav Republic of Macedonia,2013,1392633
GRC,MKD,Former Yugoslav Republic of Macedonia,2014,1800248
GRC,MKD,Former Yugoslav Republic of Macedonia,2015,1979124
GRC,MKD,Former Yugoslav Republic of Macedonia,2016,1922725
GRC,MKD,Former Yugoslav Republic of Macedonia,2017,1786857
GRC,MKD,Former Yugoslav Republic of Macedonia,2018,1352051
GRC,MKD,Former Yugoslav Republic of Macedonia,2019,1137586.322
GRC,MKD,Former Yugoslav Republic of Macedonia,2020,342635.391
GRC,MKD,Former Yugoslav Republic of Macedonia,2021,174188.916
GRC,TUR,T¨¹rkiye,2008,206463
GRC,TUR,T¨¹rkiye,2009,223058
GRC,TUR,T¨¹rkiye,2010,555804
GRC,TUR,T¨¹rkiye,2011,500505
GRC,TUR,T¨¹rkiye,2012,533485
GRC,TUR,T¨¹rkiye,2013,524128
GRC,TUR,T¨¹rkiye,2014,715603
GRC,TUR,T¨¹rkiye,2015,652150
GRC,TUR,T¨¹rkiye,2016,802687
GRC,TUR,T¨¹rkiye,2017,809888
GRC,TUR,T¨¹rkiye,2018,967166
GRC,TUR,T¨¹rkiye,2019,1091463.309
GRC,TUR,T¨¹rkiye,2020,122541.3
GRC,TUR,T¨¹rkiye,2021,149089.753
HUN,AUT,Austria,2008,657000
HUN,AUT,Austria,2009,630000
HUN,AUT,Austria,2010,595000
HUN,AUT,Austria,2011,623000
HUN,AUT,Austria,2012,571000
HUN,AUT,Austria,2013,602000
HUN,AUT,Austria,2014,741000
HUN,AUT,Austria,2015,818000
HUN,AUT,Austria,2016,848000
HUN,AUT,Austria,2017,897000
HUN,AUT,Austria,2018,840000
HUN,AUT,Austria,2019,701000
HUN,AUT,Austria,2020,356000
HUN,AUT,Austria,2021,364000
HUN,HRV,Croatia,2008,477000
HUN,HRV,Croatia,2009,319000
HUN,HRV,Croatia,2010,335000
HUN,HRV,Croatia,2011,255000
HUN,HRV,Croatia,2012,273000
HUN,HRV,Croatia,2013,219000
HUN,HRV,Croatia,2014,269000
HUN,HRV,Croatia,2015,297000
HUN,HRV,Croatia,2016,357000
HUN,HRV,Croatia,2017,344000
HUN,HRV,Croatia,2018,523000
HUN,HRV,Croatia,2019,470000
HUN,HRV,Croatia,2020,216000
HUN,HRV,Croatia,2021,268000
HUN,CZE,Czech Republic,2008,354000
HUN,CZE,Czech Republic,2009,304000
HUN,CZE,Czech Republic,2010,379000
HUN,CZE,Czech Republic,2011,409000
HUN,CZE,Czech Republic,2012,324000
HUN,CZE,Czech Republic,2013,398000
HUN,CZE,Czech Republic,2014,522000
HUN,CZE,Czech Republic,2015,473000
HUN,CZE,Czech Republic,2016,544000
HUN,CZE,Czech Republic,2017,572000
HUN,CZE,Czech Republic,2018,649000
HUN,CZE,Czech Republic,2019,463000
HUN,CZE,Czech Republic,2020,158000
HUN,CZE,Czech Republic,2021,156000
HUN,DEU,Germany,2008,591000
HUN,DEU,Germany,2009,649000
HUN,DEU,Germany,2010,681000
HUN,DEU,Germany,2011,687000
HUN,DEU,Germany,2012,610000
HUN,DEU,Germany,2013,640000
HUN,DEU,Germany,2014,686000
HUN,DEU,Germany,2015,812000
HUN,DEU,Germany,2016,956000
HUN,DEU,Germany,2017,1007000
HUN,DEU,Germany,2018,943000
HUN,DEU,Germany,2019,938000
HUN,DEU,Germany,2020,356000
HUN,DEU,Germany,2021,394000
HUN,ROU,Romania,2008,502000
HUN,ROU,Romania,2009,476000
HUN,ROU,Romania,2010,374000
HUN,ROU,Romania,2011,429000
HUN,ROU,Romania,2012,432000
HUN,ROU,Romania,2013,362000
HUN,ROU,Romania,2014,437000
HUN,ROU,Romania,2015,619000
HUN,ROU,Romania,2016,793000
HUN,ROU,Romania,2017,705000
HUN,ROU,Romania,2018,788000
HUN,ROU,Romania,2019,941000
HUN,ROU,Romania,2020,272000
HUN,ROU,Romania,2021,244000
HUN,SVK,Slovak Republic,2008,512000
HUN,SVK,Slovak Republic,2009,356000
HUN,SVK,Slovak Republic,2010,283000
HUN,SVK,Slovak Republic,2011,273000
HUN,SVK,Slovak Republic,2012,226000
HUN,SVK,Slovak Republic,2013,356000
HUN,SVK,Slovak Republic,2014,476000
HUN,SVK,Slovak Republic,2015,642000
HUN,SVK,Slovak Republic,2016,674000
HUN,SVK,Slovak Republic,2017,769000
HUN,SVK,Slovak Republic,2018,883000
HUN,SVK,Slovak Republic,2019,841000
HUN,SVK,Slovak Republic,2020,416000
HUN,SVK,Slovak Republic,2021,213000
ITA,AUT,Austria,2008,1581520.615
ITA,AUT,Austria,2009,2126658.607
ITA,AUT,Austria,2010,1531016.189
ITA,AUT,Austria,2011,1564200.638
ITA,AUT,Austria,2012,1634182.752
ITA,AUT,Austria,2013,1709003.158
ITA,AUT,Austria,2014,1420403.639
ITA,AUT,Austria,2015,1550728.466
ITA,AUT,Austria,2016,2192270.777
ITA,AUT,Austria,2017,2219120.011
ITA,AUT,Austria,2018,2190568.311
ITA,AUT,Austria,2019,2327011.607
ITA,AUT,Austria,2020,1024840.938
ITA,AUT,Austria,2021,709397.929
NOR,DNK,Denmark,2008,924000
NOR,DNK,Denmark,2009,793000
NOR,DNK,Denmark,2010,882000
NOR,DNK,Denmark,2011,874000
NOR,DNK,Denmark,2012,906000
NOR,DNK,Denmark,2013,890000
NOR,DNK,Denmark,2014,1127000
NOR,DNK,Denmark,2015,937000
NOR,DNK,Denmark,2016,826000
NOR,DNK,Denmark,2017,742000
NOR,DNK,Denmark,2018,882000
NOR,DNK,Denmark,2019,1017000
NOR,DNK,Denmark,2020,224000
NOR,DNK,Denmark,2021,284000
NOR,DEU,Germany,2008,526000
NOR,DEU,Germany,2009,454000
NOR,DEU,Germany,2010,448000
NOR,DEU,Germany,2011,571000
NOR,DEU,Germany,2012,609000
NOR,DEU,Germany,2013,542000
NOR,DEU,Germany,2014,620000
NOR,DEU,Germany,2015,498000
NOR,DEU,Germany,2016,453000
NOR,DEU,Germany,2017,415000
NOR,DEU,Germany,2018,563000
NOR,DEU,Germany,2019,548000
NOR,DEU,Germany,2020,112000
NOR,DEU,Germany,2021,188000
NOR,ESP,Spain,2008,843000
NOR,ESP,Spain,2009,595000
NOR,ESP,Spain,2010,873000
NOR,ESP,Spain,2011,1102000
NOR,ESP,Spain,2012,1202000
NOR,ESP,Spain,2013,1395000
NOR,ESP,Spain,2014,1234000
NOR,ESP,Spain,2015,1242000
NOR,ESP,Spain,2016,1291000
NOR,ESP,Spain,2017,1359000
NOR,ESP,Spain,2018,1170000
NOR,ESP,Spain,2019,1225000
NOR,ESP,Spain,2020,216000
NOR,ESP,Spain,2021,266000
NOR,SWE,Sweden,2008,1597000
NOR,SWE,Sweden,2009,1489000
NOR,SWE,Sweden,2010,1530000
NOR,SWE,Sweden,2011,1631000
NOR,SWE,Sweden,2012,1789000
NOR,SWE,Sweden,2013,1770000
NOR,SWE,Sweden,2014,1478000
NOR,SWE,Sweden,2015,1535000
NOR,SWE,Sweden,2016,1223000
NOR,SWE,Sweden,2017,1363000
NOR,SWE,Sweden,2018,1361000
NOR,SWE,Sweden,2019,1918000
NOR,SWE,Sweden,2020,239000
NOR,SWE,Sweden,2021,587000
NOR,GBR,United Kingdom,2008,560000
NOR,GBR,United Kingdom,2009,476000
NOR,GBR,United Kingdom,2010,495000
NOR,GBR,United Kingdom,2011,551000
NOR,GBR,United Kingdom,2012,680000
NOR,GBR,United Kingdom,2013,777000
NOR,GBR,United Kingdom,2014,676000
NOR,GBR,United Kingdom,2015,674000
NOR,GBR,United Kingdom,2016,655000
NOR,GBR,United Kingdom,2017,573000
NOR,GBR,United Kingdom,2018,638000
NOR,GBR,United Kingdom,2019,661000
NOR,GBR,United Kingdom,2020,166000
NOR,GBR,United Kingdom,2021,79000
ESP,DEU,Germany,2008,552568
ESP,DEU,Germany,2009,611440
ESP,DEU,Germany,2010,621366
ESP,DEU,Germany,2011,765592
ESP,DEU,Germany,2012,657078
ESP,DEU,Germany,2013,637760
ESP,DEU,Germany,2014,688463
ESP,DEU,Germany,2015,891040
ESP,DEU,Germany,2016,804012
ESP,DEU,Germany,2017,803045
ESP,DEU,Germany,2018,947649.457
ESP,DEU,Germany,2019,1038628
ESP,DEU,Germany,2020,216854
ESP,DEU,Germany,2021,288732
BRA,FRA,France,2008,376885
BRA,FRA,France,2009,372550
BRA,FRA,France,2010,383215
BRA,FRA,France,2011,421976
BRA,FRA,France,2012,500550
BRA,FRA,France,2013,520578
BRA,FRA,France,2014,481035
BRA,FRA,France,2015,257720
BRA,FRA,France,2016,363985
BRA,FRA,France,2017,418709
PER,ECU,Ecuador,2008,154998
PER,ECU,Ecuador,2009,152226
PER,ECU,Ecuador,2010,156947
PER,ECU,Ecuador,2011,144228
PER,ECU,Ecuador,2012,137470
PER,ECU,Ecuador,2013,147184
PER,ECU,Ecuador,2014,161176
PER,ECU,Ecuador,2015,154091
PER,ECU,Ecuador,2016,135548
PER,ECU,Ecuador,2017,132198
PER,ECU,Ecuador,2018,141580
PER,ECU,Ecuador,2019,137873
PER,ECU,Ecuador,2020,33545
PER,ECU,Ecuador,2021,7188
PER,ARG,Argentina,2008,66896
PER,ARG,Argentina,2009,77778
PER,ARG,Argentina,2010,86038
PER,ARG,Argentina,2011,88495
PER,ARG,Argentina,2012,72138
PER,ARG,Argentina,2013,70142
PER,ARG,Argentina,2014,78846
PER,ARG,Argentina,2015,73114
PER,ARG,Argentina,2016,77513
PER,ARG,Argentina,2017,100485
PER,ARG,Argentina,2018,109182
PER,ARG,Argentina,2019,99227
PER,ARG,Argentina,2020,23551
PER,ARG,Argentina,2021,7369
PER,BOL,Bolivia,2008,345763
PER,BOL,Bolivia,2009,309008
PER,BOL,Bolivia,2010,347591
PER,BOL,Bolivia,2011,307892
PER,BOL,Bolivia,2012,341184
PER,BOL,Bolivia,2013,318076
PER,BOL,Bolivia,2014,314687
PER,BOL,Bolivia,2015,289675
PER,BOL,Bolivia,2016,269883
PER,BOL,Bolivia,2017,251287
PER,BOL,Bolivia,2018,284052
PER,BOL,Bolivia,2019,291241
PER,BOL,Bolivia,2020,69699
PER,BOL,Bolivia,2021,4473
PER,BRA,Brazil,2008,48260
PER,BRA,Brazil,2009,54887
PER,BRA,Brazil,2010,62661
PER,BRA,Brazil,2011,77389
PER,BRA,Brazil,2012,79154
PER,BRA,Brazil,2013,83035
PER,BRA,Brazil,2014,87142
PER,BRA,Brazil,2015,94116
PER,BRA,Brazil,2016,83088
PER,BRA,Brazil,2017,88915
PER,BRA,Brazil,2018,111369
PER,BRA,Brazil,2019,124620
PER,BRA,Brazil,2020,32409
PER,BRA,Brazil,2021,6094
PER,CHL,Chile,2008,812745
PER,CHL,Chile,2009,784135
PER,CHL,Chile,2010,868120
PER,CHL,Chile,2011,958154
PER,CHL,Chile,2012,1058615
PER,CHL,Chile,2013,1089175
PER,CHL,Chile,2014,1091195
PER,CHL,Chile,2015,1181401
PER,CHL,Chile,2016,1288121
PER,CHL,Chile,2017,1358528
PER,CHL,Chile,2018,1373257
PER,CHL,Chile,2019,1417325
PER,CHL,Chile,2020,333718
PER,CHL,Chile,2021,36165
PER,ESP,Spain,2008,76357
PER,ESP,Spain,2009,81474
PER,ESP,Spain,2010,80738
PER,ESP,Spain,2011,84128
PER,ESP,Spain,2012,79444
PER,ESP,Spain,2013,75341
PER,ESP,Spain,2014,73666
PER,ESP,Spain,2015,79925
PER,ESP,Spain,2016,109017
PER,ESP,Spain,2017,143305
PER,ESP,Spain,2018,160072
PER,ESP,Spain,2019,184000
PER,ESP,Spain,2020,41720
PER,ESP,Spain,2021,69998
PER,USA,United States,2008,197240
PER,USA,United States,2009,189294
PER,USA,United States,2010,202193
PER,USA,United States,2011,195942
PER,USA,United States,2012,197570
PER,USA,United States,2013,222513
PER,USA,United States,2014,258614
PER,USA,United States,2015,289453
PER,USA,United States,2016,304906
PER,USA,United States,2017,292366
PER,USA,United States,2018,294467
PER,USA,United States,2019,324799
PER,USA,United States,2020,89016
PER,USA,United States,2021,268613
ROU,AUT,Austria,2008,41406
ROU,AUT,Austria,2009,20283
ROU,AUT,Austria,2012,100734
ROU,BGR,Bulgaria,2008,77098
ROU,BGR,Bulgaria,2009,62637
ROU,BGR,Bulgaria,2010,52018
ROU,BGR,Bulgaria,2011,134949
ROU,BGR,Bulgaria,2012,138645
ROU,BGR,Bulgaria,2013,101026
ROU,BGR,Bulgaria,2014,85523
ROU,BGR,Bulgaria,2015,110558
ROU,BGR,Bulgaria,2016,132515
ROU,BGR,Bulgaria,2017,139183
ROU,BGR,Bulgaria,2018,163568
ROU,BGR,Bulgaria,2019,208835
ROU,BGR,Bulgaria,2020,105599
ROU,BGR,Bulgaria,2021,194298
ROU,GRC,Greece,2008,109052
ROU,GRC,Greece,2009,72939
ROU,GRC,Greece,2010,40395
ROU,GRC,Greece,2011,121246
ROU,GRC,Greece,2012,146856
ROU,GRC,Greece,2013,98403
ROU,GRC,Greece,2014,105752
ROU,GRC,Greece,2015,136812
ROU,GRC,Greece,2016,136469
ROU,GRC,Greece,2017,162545
ROU,GRC,Greece,2018,161260
ROU,GRC,Greece,2019,130125
ROU,GRC,Greece,2020,46211
ROU,GRC,Greece,2021,75026
ROU,ITA,Italy,2011,33728
ROU,ITA,Italy,2013,44735
ROU,ITA,Italy,2014,37370
ROU,ITA,Italy,2015,47117
ROU,ITA,Italy,2016,52384
ROU,ITA,Italy,2017,52369
ROU,ITA,Italy,2018,68745
ROU,ITA,Italy,2019,43665
ROU,ITA,Italy,2021,12695
ROU,ESP,Spain,2008,48967
ROU,ESP,Spain,2009,25646
ROU,ESP,Spain,2010,21293
ROU,ESP,Spain,2011,56465
ROU,ESP,Spain,2012,121586
ROU,ESP,Spain,2013,52829
ROU,ESP,Spain,2014,55576
ROU,ESP,Spain,2015,59735
ROU,ESP,Spain,2016,64775
ROU,ESP,Spain,2017,56347
ROU,ESP,Spain,2018,71204
ROU,TUR,T¨¹rkiye,2008,148003
ROU,TUR,T¨¹rkiye,2009,101339
ROU,TUR,T¨¹rkiye,2010,76078
ROU,TUR,T¨¹rkiye,2011,185040
ROU,TUR,T¨¹rkiye,2012,196952
ROU,TUR,T¨¹rkiye,2013,117206
ROU,TUR,T¨¹rkiye,2014,105470
ROU,TUR,T¨¹rkiye,2015,98627
ROU,TUR,T¨¹rkiye,2016,102580
ROU,TUR,T¨¹rkiye,2017,139815
ROU,TUR,T¨¹rkiye,2018,196640
ROU,TUR,T¨¹rkiye,2019,315355
ROU,TUR,T¨¹rkiye,2020,67754
ROU,TUR,T¨¹rkiye,2021,193113
ROU,EGY,Egypt,2010,31278
ROU,EGY,Egypt,2019,43143
ROU,EGY,Egypt,2020,15761
ROU,EGY,Egypt,2021,147563
GRC,CYP,Cyprus,2008,140466
GRC,CYP,Cyprus,2009,153259
GRC,CYP,Cyprus,2010,149894
GRC,CYP,Cyprus,2011,183646
GRC,CYP,Cyprus,2012,205486
GRC,CYP,Cyprus,2013,159520
GRC,CYP,Cyprus,2014,167733
GRC,CYP,Cyprus,2015,164091
GRC,CYP,Cyprus,2016,196619
GRC,CYP,Cyprus,2017,214454
GRC,CYP,Cyprus,2018,255392
GRC,CYP,Cyprus,2019,238981.937
GRC,CYP,Cyprus,2020,133890.598
GRC,CYP,Cyprus,2021,171052.516
PER,COL,Colombia,2008,52373
PER,COL,Colombia,2009,63837
PER,COL,Colombia,2010,60094
PER,COL,Colombia,2011,55970
PER,COL,Colombia,2012,61627
PER,COL,Colombia,2013,69845
PER,COL,Colombia,2014,92600
PER,COL,Colombia,2015,119957
PER,COL,Colombia,2016,123496
PER,COL,Colombia,2017,117002
PER,COL,Colombia,2018,135038
PER,COL,Colombia,2019,177406
PER,COL,Colombia,2020,43877
PER,COL,Colombia,2021,38244
TUR,BGR,Bulgaria,2008,853098.127
TUR,BGR,Bulgaria,2009,869925.319
TUR,BGR,Bulgaria,2010,1074053.025
TUR,BGR,Bulgaria,2011,816599.986
TUR,BGR,Bulgaria,2012,733227.637
TUR,BGR,Bulgaria,2013,816876.833
TUR,BGR,Bulgaria,2014,730833.618
TUR,BGR,Bulgaria,2015,782344.491
TUR,BGR,Bulgaria,2016,938809.814
TUR,BGR,Bulgaria,2017,948794.732
TUR,BGR,Bulgaria,2018,986817
TUR,BGR,Bulgaria,2019,1253047.391
TUR,BGR,Bulgaria,2021,402743.463
TUR,GEO,Georgia,2008,229488.112
TUR,GEO,Georgia,2009,195192.165
TUR,GEO,Georgia,2010,451467.774
TUR,GEO,Georgia,2011,434968.713
TUR,GEO,Georgia,2012,585748.039
TUR,GEO,Georgia,2013,1176307.418
TUR,GEO,Georgia,2014,1255967.981
TUR,GEO,Georgia,2015,1163978.187
TUR,GEO,Georgia,2016,1187078.381
TUR,GEO,Georgia,2017,1015857.57
TUR,GEO,Georgia,2018,777781
TUR,GEO,Georgia,2019,1015135.428
TUR,GEO,Georgia,2021,275098.745
TUR,GRC,Greece,2008,289748.662
TUR,GRC,Greece,2009,307393.426
TUR,GRC,Greece,2010,455337.851
TUR,GRC,Greece,2011,389690.857
TUR,GRC,Greece,2012,497896.992
TUR,GRC,Greece,2013,696593.865
TUR,GRC,Greece,2014,911658.754
TUR,GRC,Greece,2015,1017649.104
TUR,GRC,Greece,2016,883490.602
TUR,GRC,Greece,2017,1058492.948
TUR,GRC,Greece,2018,883847
TUR,GRC,Greece,2019,918110.049
TUR,GRC,Greece,2021,86815.306
TUR,IRQ,Iraq,2008,6543.365
TUR,IRQ,Iraq,2009,91772.261
TUR,IRQ,Iraq,2010,64339.253
TUR,IRQ,Iraq,2011,40346.9
TUR,IRQ,Iraq,2012,27933.162
TUR,IRQ,Iraq,2013,1340560.339
TUR,IRQ,Iraq,2014,1214407.116
TUR,IRQ,Iraq,2015,1400610.208
TUR,IRQ,Iraq,2016,56541.646
TUR,IRQ,Iraq,2017,580662.917
TUR,IRQ,Iraq,2018,1013871
TUR,IRQ,Iraq,2019,1046235.722
TUR,IRQ,Iraq,2021,452685.939
AUT,HUN,Hungary,2008,406240.146
AUT,HUN,Hungary,2009,432595.441
AUT,HUN,Hungary,2010,403709.991
AUT,HUN,Hungary,2011,300841.193
AUT,HUN,Hungary,2012,404967.205
AUT,HUN,Hungary,2013,335282
AUT,HUN,Hungary,2014,330522
AUT,HUN,Hungary,2015,345434
AUT,HUN,Hungary,2016,335356
AUT,HUN,Hungary,2017,402896
AUT,HUN,Hungary,2018,362570
BRA,CHL,Chile,2008,252973
BRA,CHL,Chile,2009,209485
BRA,CHL,Chile,2010,229337
BRA,CHL,Chile,2011,324594
BRA,CHL,Chile,2012,373840
BRA,CHL,Chile,2013,362162
BRA,CHL,Chile,2014,407740
BRA,CHL,Chile,2015,455965
BRA,CHL,Chile,2016,438915
BRA,CHL,Chile,2017,544857
BRA,CHL,Chile,2018,589172
BRA,ITA,Italy,2008,252193
BRA,ITA,Italy,2009,188892
BRA,ITA,Italy,2010,234199
BRA,ITA,Italy,2011,293309
BRA,ITA,Italy,2012,310575
BRA,ITA,Italy,2013,394696
BRA,ITA,Italy,2014,440753
BRA,ITA,Italy,2015,461416
BRA,ITA,Italy,2016,494283
BRA,ITA,Italy,2017,524514
BRA,ITA,Italy,2018,533250
AUS,CHN,China,2008,273200
AUS,CHN,China,2009,258800
AUS,CHN,China,2010,328500
AUS,CHN,China,2011,356200
AUS,CHN,China,2012,373600
AUS,CHN,China,2013,390000
AUS,CHN,China,2014,399900
AUS,CHN,China,2015,422700
AUS,CHN,China,2016,464100
AUS,CHN,China,2017,541100
AUS,CHN,China,2018,593700
AUS,CHN,China,2019,607700
AUS,CHN,China,2020,122100
AUS,CHN,China,2021,4800
DEU,AUT,Austria,2012,11973932
DEU,AUT,Austria,2013,11812136
DEU,AUT,Austria,2014,10574871
DEU,AUT,Austria,2015,10544493
DEU,AUT,Austria,2016,11379674
DEU,AUT,Austria,2017,11274997
DEU,AUT,Austria,2018,14395603.24
DEU,AUT,Austria,2019,11718287
DEU,AUT,Austria,2020,7494027
DEU,FRA,France,2012,5525894
DEU,FRA,France,2013,5222570
DEU,FRA,France,2014,5472093
DEU,FRA,France,2015,4837612
DEU,FRA,France,2016,5158745
DEU,FRA,France,2017,6231466
DEU,FRA,France,2018,6143330.822
DEU,FRA,France,2019,6467657
DEU,FRA,France,2020,2653406
DEU,ITA,Italy,2012,10734702
DEU,ITA,Italy,2013,10471824
DEU,ITA,Italy,2014,9485428
DEU,ITA,Italy,2015,10645721
DEU,ITA,Italy,2016,11548473
DEU,ITA,Italy,2017,10972666
DEU,ITA,Italy,2018,13572692.39
DEU,ITA,Italy,2019,11633147
DEU,ITA,Italy,2020,4151171
DEU,NLD,Netherlands,2013,5294242
DEU,NLD,Netherlands,2015,4839178
DEU,NLD,Netherlands,2016,6763021
DEU,NLD,Netherlands,2017,5672860
DEU,NLD,Netherlands,2018,7413346.751
DEU,NLD,Netherlands,2019,7090968
DEU,NLD,Netherlands,2020,4081705
DEU,ESP,Spain,2012,9956971
DEU,ESP,Spain,2013,9972999
DEU,ESP,Spain,2014,9143204
DEU,ESP,Spain,2015,10242453
DEU,ESP,Spain,2016,10392755
DEU,ESP,Spain,2017,11092772
DEU,ESP,Spain,2018,11671678.42
DEU,ESP,Spain,2019,10984639
DEU,ESP,Spain,2020,2716432
DEU,TUR,T¨¹rkiye,2012,4617678
DEU,TUR,T¨¹rkiye,2014,4893317
NLD,ITA,Italy,2008,1015000
NLD,ITA,Italy,2009,992000
NLD,ITA,Italy,2010,1009000
NLD,ITA,Italy,2011,992000
NLD,ITA,Italy,2012,1030000
NLD,ITA,Italy,2013,1107000
NLD,ITA,Italy,2014,1091000
NLD,ITA,Italy,2015,1060000
NLD,ITA,Italy,2016,1175000
NLD,ITA,Italy,2017,1462000
NLD,ITA,Italy,2018,1440000
NLD,ITA,Italy,2019,1322000
NLD,ITA,Italy,2020,533000
NLD,ITA,Italy,2021,970000
POL,HRV,Croatia,2014,570323
POL,HRV,Croatia,2015,632334
POL,HRV,Croatia,2016,661302
POL,HRV,Croatia,2017,683762
POL,HRV,Croatia,2018,703409
POL,HRV,Croatia,2020,431704
POL,HRV,Croatia,2021,491800
POL,CZE,Czech Republic,2014,495055
POL,CZE,Czech Republic,2015,584704
POL,CZE,Czech Republic,2016,654987
POL,CZE,Czech Republic,2017,725347
POL,CZE,Czech Republic,2018,761949
POL,CZE,Czech Republic,2019,790306
POL,CZE,Czech Republic,2020,409547
POL,CZE,Czech Republic,2021,383345
POL,DEU,Germany,2014,2060809
POL,DEU,Germany,2015,2198731
POL,DEU,Germany,2016,2310056
POL,DEU,Germany,2017,2356548
POL,DEU,Germany,2018,2438093
POL,DEU,Germany,2019,2522945
POL,DEU,Germany,2020,1603484
POL,DEU,Germany,2021,1796789
POL,GRC,Greece,2018,751580
POL,GRC,Greece,2019,857479
POL,GRC,Greece,2021,451497
POL,ITA,Italy,2014,826608
POL,ITA,Italy,2015,879011
POL,ITA,Italy,2016,936111
POL,ITA,Italy,2017,999935
POL,ITA,Italy,2018,1055127
POL,ITA,Italy,2019,1114411
POL,ITA,Italy,2020,392620
POL,ITA,Italy,2021,383408
POL,GBR,United Kingdom,2014,872396
POL,GBR,United Kingdom,2015,855532
POL,GBR,United Kingdom,2016,915243
POL,GBR,United Kingdom,2017,970504
POL,GBR,United Kingdom,2018,1031074
POL,GBR,United Kingdom,2019,1099597
POL,GBR,United Kingdom,2020,437002
BRA,MEX,Mexico,2008,76491
BRA,MEX,Mexico,2009,68211
BRA,MEX,Mexico,2010,117658
BRA,MEX,Mexico,2011,196266
BRA,MEX,Mexico,2012,233931
BRA,MEX,Mexico,2013,260220
BRA,MEX,Mexico,2014,300919
BRA,MEX,Mexico,2015,286807
BRA,MEX,Mexico,2016,283327
BRA,MEX,Mexico,2017,345922
BRA,MEX,Mexico,2018,351373
BGR,DEU,Germany,2008,332643
BGR,DEU,Germany,2009,227084
BGR,DEU,Germany,2010,157724
BGR,DEU,Germany,2011,163314
BGR,DEU,Germany,2012,189574
BGR,DEU,Germany,2013,219950
BGR,DEU,Germany,2014,239310
BGR,DEU,Germany,2015,272867
BGR,DEU,Germany,2016,344713
BGR,DEU,Germany,2017,402111
BGR,DEU,Germany,2018,422268
BGR,DEU,Germany,2019,446045
CRI,PAN,Panama,2015,195267
CRI,PAN,Panama,2016,193353
CRI,PAN,Panama,2017,240983
CRI,PAN,Panama,2018,300967
CRI,PAN,Panama,2019,310028
CRI,PAN,Panama,2020,89147
CRI,PAN,Panama,2021,127567
CRI,USA,United States,2015,229638
CRI,USA,United States,2016,278666
CRI,USA,United States,2017,253502
CRI,USA,United States,2018,250750
CRI,USA,United States,2019,280341
CRI,USA,United States,2020,94026
CRI,USA,United States,2021,245088
CRI,AMERC,Central America,2015,449046
CRI,AMERC,Central America,2016,464245
CRI,AMERC,Central America,2017,587995
CRI,AMERC,Central America,2018,583080
CRI,AMERC,Central America,2019,603801
CRI,AMERC,Central America,2020,167234
CRI,AMERC,Central America,2021,221648
CRI,AMERN,North America,2015,307789
CRI,AMERN,North America,2016,382063
CRI,AMERN,North America,2017,370825
CRI,AMERN,North America,2018,375637
CRI,AMERN,North America,2019,417976
CRI,AMERN,North America,2020,130673
CRI,AMERN,North America,2021,332831
CRI,NIC,Nicaragua,2015,187682
CRI,NIC,Nicaragua,2016,189069
CRI,NIC,Nicaragua,2017,220054
CRI,NIC,Nicaragua,2018,141178
CRI,NIC,Nicaragua,2019,151476
CRI,NIC,Nicaragua,2020,46908
CRI,NIC,Nicaragua,2021,44201
RUS,CHN,China,2014,1730618
RUS,CHN,China,2015,1284324
RUS,CHN,China,2016,1676214
RUS,CHN,China,2017,2003419
RUS,CHN,China,2018,2018226
RUS,CHN,China,2019,2333708
RUS,EST,Estonia,2014,1774813
RUS,EST,Estonia,2015,1476915
RUS,EST,Estonia,2016,1511413
RUS,EST,Estonia,2017,1727713
RUS,EST,Estonia,2018,1797607
RUS,EST,Estonia,2019,1807779
RUS,FIN,Finland,2014,4283323.371
RUS,FIN,Finland,2015,3066657.954
RUS,FIN,Finland,2016,2894394.357
RUS,FIN,Finland,2017,3333061.544
RUS,FIN,Finland,2018,3361389.433
RUS,FIN,Finland,2019,3652667.244
RUS,DEU,Germany,2014,1434587.062
RUS,DEU,Germany,2015,1111448.488
RUS,DEU,Germany,2016,1057388
RUS,DEU,Germany,2017,1229206.483
RUS,DEU,Germany,2018,1297234
RUS,DEU,Germany,2019,1318402.213
RUS,GRC,Greece,2014,1164784.725
RUS,GRC,Greece,2015,633584.758
RUS,GRC,Greece,2016,782476
RUS,GRC,Greece,2017,856164
RUS,GRC,Greece,2018,808321
RUS,GRC,Greece,2019,749694
RUS,ITA,Italy,2014,994026.258
RUS,ITA,Italy,2015,661916.972
RUS,ITA,Italy,2016,709813
RUS,ITA,Italy,2017,893065.76
RUS,ITA,Italy,2018,1085801
RUS,ITA,Italy,2019,1276977.281
RUS,POL,Poland,2014,1608224.694
RUS,POL,Poland,2015,1321767.156
RUS,POL,Poland,2016,1103532
RUS,POL,Poland,2017,1230434.086
RUS,POL,Poland,2018,1093213
RUS,POL,Poland,2019,1117710.068
RUS,ESP,Spain,2014,1139659.576
RUS,ESP,Spain,2015,692995.723
RUS,ESP,Spain,2016,789769
RUS,ESP,Spain,2017,929398.614
RUS,ESP,Spain,2018,960662
RUS,ESP,Spain,2019,1006539.846
RUS,THA,Thailand,2014,1250314
RUS,THA,Thailand,2015,675089
RUS,THA,Thailand,2016,866597
RUS,THA,Thailand,2017,1094198
RUS,THA,Thailand,2018,1173038
RUS,THA,Thailand,2019,1179659
RUS,TUR,T¨¹rkiye,2014,4216166.26
RUS,TUR,T¨¹rkiye,2015,3460325.476
RUS,TUR,T¨¹rkiye,2016,797304
RUS,TUR,T¨¹rkiye,2017,4519910.698
RUS,TUR,T¨¹rkiye,2018,5719373
RUS,TUR,T¨¹rkiye,2019,6756170.471
RUS,UKR,Ukraine,2014,2557509
RUS,UKR,Ukraine,2015,1656624
RUS,UKR,Ukraine,2016,1804338
RUS,UKR,Ukraine,2017,2282997
RUS,UKR,Ukraine,2018,2289605
RUS,UKR,Ukraine,2019,2527002
RUS,KAZ,Kazakhstan,2014,3330126
RUS,KAZ,Kazakhstan,2015,3125140
RUS,KAZ,Kazakhstan,2016,2849526
RUS,KAZ,Kazakhstan,2017,2977946
RUS,KAZ,Kazakhstan,2018,2954888
RUS,KAZ,Kazakhstan,2019,3163428
TUR,ENS,Europe not specified,2008,701083.207
TUR,ENS,Europe not specified,2009,903757.486
TUR,ENS,Europe not specified,2010,675380.067
TUR,ENS,Europe not specified,2011,362162.756
TUR,ENS,Europe not specified,2012,505241.411
TUR,ENS,Europe not specified,2013,582585.461
TUR,ENS,Europe not specified,2014,648741.655
TUR,ENS,Europe not specified,2015,767269.423
TUR,ENS,Europe not specified,2016,921700.524
TUR,ENS,Europe not specified,2017,1104724.694
TUR,ENS,Europe not specified,2018,1228506
TUR,ENS,Europe not specified,2019,1448243.31
TUR,ENS,Europe not specified,2021,403392.566
BEL,FRA,France,2015,3980211.177
BEL,FRA,France,2016,4983318.433
BEL,FRA,France,2017,4370297.835
BEL,FRA,France,2018,4919263.704
BEL,FRA,France,2019,4780080
BEL,FRA,France,2020,2711744.441
BEL,FRA,France,2021,3266710.144
BEL,DEU,Germany,2015,1012850.354
BEL,DEU,Germany,2016,1261678.986
BEL,DEU,Germany,2017,945811.44
BEL,DEU,Germany,2018,944846.94
BEL,DEU,Germany,2019,1375010
BEL,DEU,Germany,2020,465360.078
BEL,DEU,Germany,2021,514503.434
BEL,ITA,Italy,2015,978777.105
BEL,ITA,Italy,2016,1070452.192
BEL,ITA,Italy,2017,1075064.838
BEL,ITA,Italy,2018,932692.463
BEL,ITA,Italy,2019,1288635
BEL,ITA,Italy,2020,504069.145
BEL,ITA,Italy,2021,636201.965
BEL,NLD,Netherlands,2015,1169562.948
BEL,NLD,Netherlands,2016,1949609.095
BEL,NLD,Netherlands,2017,1723793.873
BEL,NLD,Netherlands,2018,1593580.2
BEL,NLD,Netherlands,2019,2111833
BEL,NLD,Netherlands,2020,795705.431
BEL,NLD,Netherlands,2021,843521.673
BEL,ESP,Spain,2015,1400376.147
BEL,ESP,Spain,2016,1929342.369
BEL,ESP,Spain,2017,1755295.249
BEL,ESP,Spain,2018,1797389.252
BEL,ESP,Spain,2019,1813047
BEL,ESP,Spain,2020,550009.748
BEL,ESP,Spain,2021,964278.721
FIN,ITA,Italy,2012,100000
FIN,ITA,Italy,2017,140000
FIN,ITA,Italy,2018,180000
FIN,ITA,Italy,2019,220000
FIN,ITA,Italy,2020,120000
COL,MEX,Mexico,2012,134748
COL,MEX,Mexico,2013,220071
COL,MEX,Mexico,2014,283217
COL,MEX,Mexico,2015,352749
COL,MEX,Mexico,2016,367278
COL,MEX,Mexico,2017,396083
COL,MEX,Mexico,2018,461121
COL,MEX,Mexico,2019,498699
COL,MEX,Mexico,2020,138648
COL,MEX,Mexico,2021,299888
BEL-BRU,FRA,France,2017,688520.913
BEL-BRU,FRA,France,2018,785869.29
BEL-BRU,FRA,France,2019,824018.817
BEL-BRU,FRA,France,2020,478577.536
BEL-BRU,DEU,Germany,2017,136647.958
BEL-BRU,DEU,Germany,2018,147569.507
BEL-BRU,DEU,Germany,2019,208672.523
BEL-BRU,DEU,Germany,2020,108896.96
BEL-BRU,ITA,Italy,2017,221326.332
BEL-BRU,ITA,Italy,2018,181983.676
BEL-BRU,ITA,Italy,2019,190489.738
BEL-BRU,ITA,Italy,2020,158211.293
BEL-BRU,NLD,Netherlands,2017,108904.951
BEL-BRU,NLD,Netherlands,2018,111162.098
BEL-BRU,NLD,Netherlands,2019,161230.558
BEL-BRU,NLD,Netherlands,2020,51380.364
BEL-BRU,ESP,Spain,2017,217026.708
BEL-BRU,ESP,Spain,2018,194624.013
BEL-BRU,ESP,Spain,2019,244514.342
BEL-BRU,ESP,Spain,2020,135563.477
BEL-VLG,FRA,France,2017,1559793.278
BEL-VLG,FRA,France,2018,1783388.674
BEL-VLG,FRA,France,2019,1751300.119
BEL-VLG,FRA,France,2020,1051528.631
BEL-VLG,DEU,Germany,2017,700960.998
BEL-VLG,DEU,Germany,2018,631081.218
BEL-VLG,DEU,Germany,2019,937374.599
BEL-VLG,DEU,Germany,2020,321622.799
BEL-VLG,ITA,Italy,2017,546732.943
BEL-VLG,ITA,Italy,2018,494015.932
BEL-VLG,ITA,Italy,2019,746875.035
BEL-VLG,ITA,Italy,2020,239277.241
BEL-VLG,NLD,Netherlands,2017,1443039.702
BEL-VLG,NLD,Netherlands,2018,1285126.547
BEL-VLG,NLD,Netherlands,2019,1723544.326
BEL-VLG,NLD,Netherlands,2020,667997.685
BEL-VLG,ESP,Spain,2017,1121314.306
BEL-VLG,ESP,Spain,2018,1242673.594
BEL-VLG,ESP,Spain,2019,1178874.958
BEL-VLG,ESP,Spain,2020,325942.39
BEL-WAL,FRA,France,2017,2121983.644
BEL-WAL,FRA,France,2018,2350005.74
BEL-WAL,FRA,France,2019,2204760.82
BEL-WAL,FRA,France,2020,1181638.274
BEL-WAL,DEU,Germany,2017,108202.484
BEL-WAL,DEU,Germany,2018,166196.215
BEL-WAL,DEU,Germany,2019,228962.456
BEL-WAL,DEU,Germany,2020,34840.318
BEL-WAL,ITA,Italy,2017,307005.563
BEL-WAL,ITA,Italy,2018,256692.856
BEL-WAL,ITA,Italy,2019,351270.724
BEL-WAL,ITA,Italy,2020,106580.611
BEL-WAL,NLD,Netherlands,2017,171849.22
BEL-WAL,NLD,Netherlands,2018,197291.555
BEL-WAL,NLD,Netherlands,2019,225898.376
BEL-WAL,NLD,Netherlands,2020,76327.382
BEL-WAL,ESP,Spain,2017,416954.235
BEL-WAL,ESP,Spain,2018,360091.644
BEL-WAL,ESP,Spain,2019,389657.387
BEL-WAL,ESP,Spain,2020,88503.881
GBR,FRA,France,2019,10346.71
GBR,FRA,France,2021,1597746.863
GBR,ITA,Italy,2019,5105.094
GBR,ESP,Spain,2019,18129.27
GBR,ESP,Spain,2021,4232453.209
GBR,USA,United States,2019,4804.826
SVK,AUT,Austria,2018,308889
SVK,AUT,Austria,2019,351360
SVK,AUT,Austria,2020,82158
SVK,AUT,Austria,2021,99460
SVK,HRV,Croatia,2018,439948
SVK,HRV,Croatia,2019,422932
SVK,HRV,Croatia,2020,121643
SVK,HRV,Croatia,2021,308688
SVK,CZE,Czech Republic,2018,1060439
SVK,CZE,Czech Republic,2019,1281302
SVK,CZE,Czech Republic,2020,323279
SVK,CZE,Czech Republic,2021,384457
SVK,HUN,Hungary,2018,307994
SVK,HUN,Hungary,2019,239730
SVK,HUN,Hungary,2020,51614
SVK,HUN,Hungary,2021,100993
SVK,ITA,Italy,2018,257252
SVK,ITA,Italy,2019,294585
SVK,ITA,Italy,2020,
SVK,ITA,Italy,2021,45833
ROU,FRA,France,2020,9135
GBR,PRT,Portugal,2021,1159413.403
GBR,GRC,Greece,2021,1132306.091
